0|[0.712, 0.111, 1.537, 1.706, 0.723, 0.082, 0.011, 0.004, 0.009, 0.008, 0.011, 0.005, 0.005, 0.005, 0.007, 0.003, 0.007, 0.007, 0.013, 0.022, 0.005, 0.014, 0.026, 0.0, 0.038, 0.01, 0.006, 0.005, 0.003, 0.069, 0.003, 0.016, 0.01, 0.013, 0.005, 0.003, 0.003, 0.03, 0.01, 0.043, 0.006, 0.006, 0.014, 0.007, 0.007, 0.003, 0.031, 0.004, 0.053, 0.008, 0.004, 0.002, 0.004, 0.006, 0.02, 0.009, 0.006, 0.013, 0.005, 0.012, 0.044, 0.014, 0.017, 0.002, 0.014, 0.008, 0.006, 0.017, 0.005, 0.016, 0.002, 0.009, 0.003, 0.041, 0.006, 0.016, 0.011, 0.008, 0.057, 0.003, 0.02, 0.012, 0.011, 0.002, 0.015, 0.007, 0.009, 0.009, 0.009, 0.013, 0.011, 0.008, 0.009, 0.003, 0.002, 0.011, 0.021, 0.003, 0.006, 0.005, 0.016, 0.046, 0.007, 0.006, 0.01]
1|[1.386, 0.204, 0.066, 0.1, 2.052, 1.544, 0.597, 0.435, 0.67, 0.578, 0.48, 0.385, 0.26, 0.299, 0.363, 0.239, 0.393, 0.346, 0.531, 0.768, 0.468, 0.855, 0.978, 0.646, 1.08, 0.337, 0.384, 0.52, 0.418, 1.568, 0.351, 0.702, 0.474, 0.688, 0.362, 0.667, 0.719, 1.172, 1.363, 1.292, 0.443, 0.274, 0.513, 0.403, 0.799, 0.363, 0.777, 0.438, 0.623, 0.54, 0.225, 0.367, 0.557, 0.321, 0.529, 1.406, 0.41, 0.466, 0.592, 0.842, 1.152, 0.416, 0.357, 0.379, 0.417, 0.259, 0.53, 0.489, 1.129, 0.743, 0.648, 1.14, 0.257, 1.308, 0.375, 0.584, 0.393, 0.317, 0.946, 0.397, 0.976, 0.565, 0.532, 0.451, 0.476, 0.812, 0.526, 1.283, 0.296, 0.563, 0.324, 0.377, 0.339, 0.294, 0.363, 0.505, 0.53, 0.546, 0.623, 0.437, 0.488, 0.969, 0.381, 0.665, 0.287]
2|[2.205, 0.174, 0.139, 0.116, 3.835, 0.561, 0.233, 0.157, 0.337, 0.243, 0.393, 0.198, 0.177, 0.166, 0.28, 0.129, 0.173, 0.16, 0.283, 0.272, 0.171, 0.364, 0.508, 0.236, 0.28, 0.144, 0.203, 0.262, 0.174, 0.421, 0.127, 0.48, 0.41, 0.315, 0.18, 0.202, 0.354, 0.389, 0.593, 0.685, 0.242, 0.122, 0.347, 0.256, 0.506, 0.167, 0.397, 0.213, 0.369, 0.352, 0.167, 0.141, 0.317, 0.136, 0.381, 0.562, 0.231, 0.275, 0.38, 0.638, 0.444, 0.167, 0.17, 0.196, 0.355, 0.147, 0.216, 0.377, 0.591, 0.331, 0.385, 0.54, 0.191, 0.6, 0.224, 0.278, 0.159, 0.162, 0.464, 0.158, 0.602, 0.321, 0.178, 0.175, 0.28, 0.408, 0.257, 0.605, 0.132, 0.253, 0.198, 0.197, 0.13, 0.127, 0.144, 0.242, 0.229, 0.394, 0.25, 0.227, 0.289, 0.459, 0.251, 0.44, 0.233]
3|[1.224, 0.207, 0.185, 0.123, 0.62, 0.395, 0.192, 0.139, 0.246, 0.14, 0.265, 0.087, 0.156, 0.166, 0.278, 0.099, 0.139, 0.112, 0.173, 0.225, 0.173, 0.307, 0.301, 0.102, 0.253, 0.136, 0.16, 0.265, 0.106, 0.133, 0.098, 0.146, 0.253, 0.139, 0.168, 0.16, 0.24, 0.279, 0.446, 0.512, 0.115, 0.124, 0.218, 0.119, 0.223, 0.123, 0.613, 0.116, 0.268, 0.32, 0.119, 0.145, 0.156, 0.12, 0.371, 0.182, 0.138, 0.105, 0.076, 0.54, 0.448, 0.178, 0.196, 0.134, 0.157, 0.087, 0.318, 0.127, 0.386, 0.362, 0.214, 0.127, 0.088, 0.579, 0.156, 0.12, 0.09, 0.084, 0.288, 0.176, 0.141, 0.224, 0.166, 0.194, 0.185, 0.215, 0.241, 0.43, 0.097, 0.287, 0.166, 0.12, 0.149, 0.128, 0.119, 0.254, 0.211, 0.175, 0.197, 0.1, 0.219, 0.556, 0.138, 0.2, 0.085]
4|[0.62, 0.089, 0.2, 3.801, 6.577, 0.01, 0.0, 0.007, 0.0, 0.0, 0.008, 0.003, 0.0, 0.003, 0.0, 0.003, 0.007, 0.0, 0.006, 0.004, 0.017, 0.014, 0.0, 0.002, 0.006, 0.002, 0.0, 0.0, 0.006, 0.028, 0.0, 0.016, 0.007, 0.014, 0.002, 0.01, 0.007, 0.013, 0.0, 0.032, 0.021, 0.004, 0.012, 0.007, 0.0, 0.001, 0.004, 0.0, 0.018, 0.0, 0.002, 0.007, 0.009, 0.004, 0.006, 0.0, 0.0, 0.0, 0.004, 0.009, 0.01, 0.002, 0.002, 0.001, 0.003, 0.003, 0.003, 0.0, 0.026, 0.01, 0.009, 0.012, 0.002, 0.0, 0.001, 0.003, 0.0, 0.003, 0.037, 0.004, 0.016, 0.0, 0.008, 0.0, 0.012, 0.016, 0.008, 0.025, 0.004, 0.013, 0.0, 0.018, 0.003, 0.0, 0.004, 0.003, 0.002, 0.0, 0.003, 0.003, 0.0, 0.022, 0.002, 0.0, 0.002]
5|[2.311, 0.189, 0.11, 0.25, 0.706, 0.108, 0.068, 0.061, 0.093, 0.074, 0.063, 0.054, 0.05, 0.034, 0.07, 0.038, 0.067, 0.055, 0.116, 0.081, 0.056, 0.095, 0.149, 0.052, 0.086, 0.061, 0.046, 0.071, 0.056, 0.132, 0.033, 0.085, 0.11, 0.091, 0.053, 0.101, 0.078, 0.106, 0.08, 0.135, 0.079, 0.042, 0.086, 0.059, 0.12, 0.033, 0.162, 0.04, 0.087, 0.087, 0.043, 0.044, 0.079, 0.05, 0.101, 0.052, 0.052, 0.069, 0.113, 0.099, 0.137, 0.056, 0.051, 0.052, 0.067, 0.037, 0.078, 0.071, 0.135, 0.115, 0.09, 0.138, 0.041, 0.154, 0.056, 0.079, 0.043, 0.048, 0.169, 0.064, 0.107, 0.12, 0.092, 0.054, 0.069, 0.071, 0.102, 0.101, 0.031, 0.092, 0.055, 0.052, 0.058, 0.038, 0.043, 0.082, 0.083, 0.054, 0.046, 0.039, 0.102, 0.211, 0.051, 0.08, 0.062]
6|[1.386, 0.049, 0.026, 0.127, 0.755, 0.42, 0.243, 0.321, 0.325, 0.319, 0.202, 0.101, 0.288, 0.11, 0.22, 0.127, 0.21, 0.17, 0.155, 0.058, 0.169, 0.175, 0.691, 0.199, 0.196, 0.224, 0.127, 0.347, 0.118, 0.115, 0.149, 0.292, 0.438, 0.236, 0.232, 0.169, 0.239, 0.546, 0.347, 0.36, 0.314, 0.092, 0.335, 0.157, 0.393, 0.152, 0.251, 0.118, 0.357, 0.273, 0.175, 0.125, 0.36, 0.133, 0.232, 0.155, 0.224, 0.197, 0.549, 0.947, 0.42, 0.181, 0.236, 0.101, 0.193, 0.064, 0.247, 0.37, 0.509, 0.542, 0.476, 0.596, 0.248, 0.163, 0.178, 0.233, 0.167, 0.114, 0.47, 0.34, 0.349, 0.353, 0.162, 0.287, 0.137, 0.181, 0.249, 0.626, 0.118, 0.367, 0.222, 0.215, 0.13, 0.126, 0.115, 0.147, 0.146, 0.115, 0.167, 0.145, 0.258, 0.661, 0.187, 0.406, 0.202]
7|[1.227, 1.688, 0.255, 0.079, 0.471, 0.681, 0.191, 0.3, 0.482, 0.374, 0.379, 0.23, 0.241, 0.226, 0.383, 0.153, 0.358, 0.229, 0.402, 0.389, 0.249, 0.469, 0.396, 0.343, 0.754, 0.295, 0.246, 0.359, 0.23, 0.503, 0.192, 0.4, 0.567, 0.442, 0.242, 0.315, 0.416, 0.554, 0.595, 1.142, 0.287, 0.299, 0.483, 0.31, 0.624, 0.226, 0.511, 0.177, 0.348, 0.588, 0.236, 0.24, 0.366, 0.195, 0.859, 0.439, 0.24, 0.234, 0.587, 0.773, 0.687, 0.333, 0.394, 0.266, 0.308, 0.123, 0.472, 0.242, 0.581, 0.536, 0.496, 0.64, 0.206, 0.98, 0.278, 0.391, 0.216, 0.285, 0.754, 0.329, 0.505, 0.606, 0.357, 0.263, 0.204, 0.488, 0.338, 1.434, 0.181, 0.52, 0.356, 0.312, 0.291, 0.286, 0.211, 0.395, 0.272, 0.445, 0.337, 0.207, 0.383, 0.829, 0.228, 0.461, 0.209]
8|[2.794, 1.051, 0.271, 0.116, 0.317, 0.512, 0.273, 0.241, 0.431, 0.327, 0.222, 0.286, 0.187, 0.079, 0.39, 0.113, 0.182, 0.229, 0.466, 0.363, 0.243, 0.406, 0.453, 0.2, 0.325, 0.279, 0.153, 0.384, 0.198, 0.61, 0.153, 0.357, 0.479, 0.206, 0.277, 0.197, 0.395, 0.546, 0.703, 0.729, 0.207, 0.183, 0.293, 0.234, 0.223, 0.158, 0.724, 0.071, 0.428, 0.451, 0.223, 0.253, 0.613, 0.181, 0.521, 0.0, 0.285, 0.274, 0.211, 0.206, 0.403, 0.203, 0.33, 0.259, 0.188, 0.169, 0.42, 0.412, 0.247, 0.338, 0.481, 0.091, 0.221, 0.586, 0.315, 0.246, 0.152, 0.198, 0.698, 0.36, 0.659, 0.478, 0.348, 0.103, 0.198, 0.191, 0.506, 0.879, 0.206, 0.606, 0.289, 0.358, 0.193, 0.159, 0.23, 0.416, 0.327, 0.143, 0.265, 0.154, 0.221, 0.544, 0.23, 0.364, 0.137]
9|[0.761, 0.33, 0.063, 0.877, 1.361, 0.417, 0.053, 0.024, 0.13, 0.217, 0.113, 0.177, 0.022, 0.041, 0.021, 0.034, 0.099, 0.021, 0.131, 0.114, 0.087, 0.098, 0.028, 0.055, 0.226, 0.047, 0.016, 0.071, 0.015, 0.327, 0.103, 0.199, 0.042, 0.091, 0.034, 0.022, 0.032, 0.285, 0.156, 0.304, 0.046, 0.051, 0.047, 0.117, 0.054, 0.069, 0.192, 0.016, 0.196, 0.025, 0.012, 0.012, 0.097, 0.064, 0.016, 0.013, 0.009, 0.072, 0.158, 0.073, 0.225, 0.086, 0.045, 0.08, 0.018, 0.021, 0.033, 0.037, 0.266, 0.05, 0.043, 0.059, 0.006, 0.047, 0.076, 0.029, 0.04, 0.016, 0.394, 0.074, 0.036, 0.108, 0.117, 0.025, 0.154, 0.258, 0.102, 0.282, 0.016, 0.027, 0.017, 0.017, 0.017, 0.016, 0.018, 0.037, 0.219, 0.019, 0.167, 0.019, 0.127, 0.352, 0.094, 0.027, 0.035]
10|[1.089, 2.689, 0.204, 0.066, 0.336, 0.943, 0.464, 0.444, 0.876, 0.781, 0.74, 0.364, 0.411, 0.332, 0.744, 0.309, 0.448, 0.468, 0.653, 0.748, 0.462, 1.006, 0.869, 0.4, 0.837, 0.475, 0.408, 0.48, 0.371, 0.975, 0.294, 0.475, 0.969, 0.625, 0.375, 0.56, 0.554, 1.107, 1.033, 1.36, 0.52, 0.458, 0.825, 0.437, 1.023, 0.312, 1.088, 0.285, 0.665, 0.822, 0.394, 0.414, 0.697, 0.311, 1.153, 0.564, 0.699, 0.434, 0.639, 0.862, 1.387, 0.5, 0.552, 0.46, 0.425, 0.245, 0.796, 0.646, 0.727, 1.053, 0.962, 1.341, 0.308, 1.155, 0.558, 0.664, 0.339, 0.459, 1.063, 0.533, 0.854, 0.883, 0.66, 0.24, 0.455, 0.401, 0.644, 1.793, 0.233, 0.852, 0.436, 0.439, 0.351, 0.356, 0.397, 0.882, 0.538, 0.54, 0.567, 0.34, 0.784, 1.597, 0.355, 0.769, 0.356]
11|[1.116, 0.409, 0.132, 0.033, 0.464, 1.281, 0.609, 0.483, 0.933, 0.723, 0.839, 0.515, 0.49, 0.516, 0.803, 0.293, 0.724, 0.473, 0.894, 0.582, 0.65, 0.929, 1.405, 0.453, 0.856, 0.624, 0.49, 0.627, 0.535, 1.321, 0.373, 1.14, 0.956, 0.775, 0.512, 0.793, 0.835, 1.333, 1.559, 1.021, 0.544, 0.607, 0.94, 0.591, 1.003, 0.561, 0.934, 0.357, 0.683, 1.123, 0.501, 0.468, 0.749, 0.485, 1.416, 1.347, 0.808, 0.564, 1.119, 2.291, 1.271, 0.528, 0.677, 0.462, 0.48, 0.437, 0.839, 0.811, 1.07, 0.92, 0.907, 1.452, 0.451, 1.345, 0.61, 0.797, 0.419, 0.418, 1.137, 0.873, 1.132, 1.018, 0.826, 0.73, 0.635, 1.132, 0.774, 1.686, 0.368, 0.967, 0.542, 0.518, 0.484, 0.403, 0.525, 0.862, 0.622, 0.599, 0.675, 0.392, 0.888, 1.525, 0.63, 0.945, 0.557]
12|[1.546, 0.137, 0.059, 0.161, 0.957, 0.209, 0.105, 0.119, 0.151, 0.097, 0.171, 0.058, 0.077, 0.064, 0.123, 0.065, 0.113, 0.11, 0.231, 0.128, 0.097, 0.15, 0.285, 0.075, 0.201, 0.095, 0.084, 0.162, 0.073, 0.192, 0.085, 0.178, 0.273, 0.164, 0.103, 0.182, 0.136, 0.171, 0.224, 0.227, 0.096, 0.082, 0.139, 0.097, 0.215, 0.082, 0.228, 0.092, 0.15, 0.157, 0.072, 0.1, 0.153, 0.064, 0.24, 0.271, 0.086, 0.097, 0.187, 0.347, 0.25, 0.097, 0.084, 0.155, 0.128, 0.075, 0.135, 0.123, 0.372, 0.207, 0.123, 0.255, 0.083, 0.193, 0.088, 0.083, 0.084, 0.09, 0.249, 0.117, 0.21, 0.216, 0.172, 0.103, 0.105, 0.172, 0.144, 0.243, 0.07, 0.152, 0.101, 0.072, 0.1, 0.079, 0.095, 0.153, 0.127, 0.12, 0.131, 0.063, 0.159, 0.251, 0.109, 0.18, 0.116]
13|[1.172, 0.019, 0.0, 0.504, 5.935, 0.159, 0.044, 0.036, 0.075, 0.054, 0.05, 0.037, 0.057, 0.032, 0.073, 0.023, 0.035, 0.02, 0.057, 0.042, 0.029, 0.061, 0.053, 0.066, 0.063, 0.027, 0.031, 0.055, 0.043, 0.167, 0.024, 0.085, 0.091, 0.079, 0.041, 0.041, 0.051, 0.109, 0.097, 0.157, 0.036, 0.02, 0.085, 0.029, 0.087, 0.023, 0.076, 0.039, 0.087, 0.098, 0.043, 0.02, 0.07, 0.033, 0.087, 0.123, 0.035, 0.058, 0.112, 0.059, 0.08, 0.032, 0.042, 0.029, 0.064, 0.03, 0.018, 0.079, 0.14, 0.062, 0.083, 0.091, 0.017, 0.16, 0.043, 0.093, 0.031, 0.03, 0.167, 0.053, 0.105, 0.085, 0.03, 0.056, 0.027, 0.089, 0.041, 0.115, 0.034, 0.07, 0.027, 0.034, 0.043, 0.026, 0.043, 0.053, 0.062, 0.076, 0.059, 0.035, 0.037, 0.052, 0.015, 0.072, 0.018]
14|[1.184, 0.041, 0.185, 0.062, 0.581, 0.821, 0.303, 0.286, 0.486, 0.398, 0.466, 0.326, 0.351, 0.23, 0.531, 0.23, 0.323, 0.273, 0.621, 0.55, 0.309, 0.631, 0.841, 0.291, 0.489, 0.472, 0.324, 0.571, 0.259, 1.786, 0.28, 0.269, 0.612, 0.358, 0.327, 0.268, 0.618, 0.784, 0.567, 0.808, 0.388, 0.392, 0.397, 0.275, 0.447, 0.334, 0.876, 0.337, 0.483, 0.453, 0.229, 0.338, 0.589, 0.248, 0.819, 0.756, 0.298, 0.335, 0.551, 1.199, 0.995, 0.36, 0.424, 0.262, 0.342, 0.189, 0.574, 0.464, 0.671, 0.67, 0.399, 0.893, 0.238, 0.861, 0.359, 0.526, 0.257, 0.224, 0.714, 0.496, 0.539, 0.599, 0.233, 0.382, 0.264, 0.538, 0.383, 1.052, 0.23, 0.833, 0.336, 0.218, 0.228, 0.27, 0.263, 0.317, 0.465, 0.535, 0.35, 0.19, 0.267, 1.149, 0.449, 0.405, 0.23]
15|[0.861, 0.129, 0.923, 0.959, 1.056, 0.105, 0.025, 0.021, 0.062, 0.031, 0.034, 0.031, 0.011, 0.012, 0.013, 0.015, 0.027, 0.009, 0.043, 0.029, 0.029, 0.042, 0.036, 0.014, 0.061, 0.016, 0.02, 0.033, 0.013, 0.089, 0.014, 0.049, 0.027, 0.031, 0.024, 0.026, 0.024, 0.05, 0.049, 0.103, 0.026, 0.022, 0.038, 0.024, 0.034, 0.015, 0.066, 0.023, 0.088, 0.032, 0.013, 0.009, 0.027, 0.019, 0.039, 0.021, 0.025, 0.03, 0.041, 0.037, 0.096, 0.028, 0.028, 0.023, 0.029, 0.012, 0.029, 0.027, 0.066, 0.027, 0.021, 0.029, 0.011, 0.048, 0.017, 0.018, 0.028, 0.016, 0.119, 0.019, 0.035, 0.045, 0.038, 0.019, 0.021, 0.033, 0.025, 0.084, 0.015, 0.023, 0.023, 0.019, 0.023, 0.016, 0.017, 0.021, 0.049, 0.025, 0.032, 0.013, 0.016, 0.088, 0.028, 0.049, 0.026]
16|[2.826, 3.282, 0.0, 0.611, 0.881, 0.173, 0.054, 0.037, 0.083, 0.05, 0.03, 0.028, 0.039, 0.014, 0.028, 0.018, 0.058, 0.021, 0.08, 0.045, 0.039, 0.064, 0.106, 0.032, 0.108, 0.031, 0.036, 0.067, 0.011, 0.085, 0.035, 0.0, 0.124, 0.058, 0.037, 0.055, 0.012, 0.077, 0.041, 0.103, 0.058, 0.047, 0.034, 0.041, 0.041, 0.014, 0.092, 0.007, 0.083, 0.084, 0.017, 0.02, 0.072, 0.04, 0.116, 0.06, 0.043, 0.03, 0.018, 0.08, 0.107, 0.061, 0.025, 0.022, 0.044, 0.023, 0.057, 0.036, 0.161, 0.05, 0.049, 0.097, 0.037, 0.015, 0.044, 0.019, 0.022, 0.024, 0.118, 0.044, 0.032, 0.055, 0.041, 0.0, 0.053, 0.0, 0.037, 0.168, 0.019, 0.108, 0.013, 0.036, 0.032, 0.043, 0.035, 0.036, 0.043, 0.01, 0.045, 0.025, 0.011, 0.126, 0.016, 0.013, 0.076]
17|[1.14, 2.314, 0.124, 0.145, 0.347, 0.23, 0.125, 0.212, 0.301, 0.229, 0.176, 0.114, 0.101, 0.109, 0.181, 0.082, 0.185, 0.129, 0.226, 0.225, 0.178, 0.416, 0.135, 0.147, 0.257, 0.159, 0.159, 0.155, 0.15, 0.501, 0.109, 0.271, 0.311, 0.253, 0.15, 0.139, 0.162, 0.339, 0.324, 0.506, 0.111, 0.149, 0.221, 0.147, 0.186, 0.127, 0.345, 0.064, 0.247, 0.313, 0.125, 0.136, 0.228, 0.109, 0.567, 0.137, 0.115, 0.112, 0.218, 0.372, 0.429, 0.104, 0.131, 0.149, 0.134, 0.068, 0.261, 0.113, 0.404, 0.285, 0.272, 0.184, 0.075, 0.261, 0.156, 0.2, 0.075, 0.126, 0.46, 0.119, 0.396, 0.311, 0.164, 0.112, 0.156, 0.153, 0.264, 0.397, 0.096, 0.296, 0.164, 0.178, 0.085, 0.142, 0.119, 0.156, 0.152, 0.163, 0.161, 0.1, 0.253, 0.504, 0.155, 0.278, 0.146]
18|[1.313, 1.018, 0.0, 0.0, 0.316, 3.773, 1.096, 1.635, 3.161, 1.097, 1.937, 1.598, 0.87, 0.816, 1.924, 0.555, 1.401, 1.059, 2.014, 0.81, 1.627, 2.72, 2.056, 0.88, 2.55, 1.317, 0.783, 2.239, 0.807, 3.46, 0.617, 0.98, 1.19, 1.476, 1.291, 2.583, 1.958, 4.233, 2.853, 3.281, 0.912, 0.998, 0.158, 0.991, 1.278, 0.796, 3.379, 0.824, 1.684, 1.125, 0.637, 1.043, 1.519, 0.656, 1.9, 1.726, 1.269, 2.222, 2.643, 2.068, 3.642, 2.177, 1.28, 1.434, 0.68, 0.768, 1.825, 1.908, 1.164, 2.25, 2.266, 0.565, 1.217, 0.979, 1.054, 1.664, 0.586, 1.459, 2.673, 1.182, 1.146, 1.598, 2.582, 0.787, 1.455, 0.874, 0.968, 3.672, 0.592, 2.516, 1.139, 1.552, 0.875, 1.527, 0.841, 2.153, 1.225, 2.037, 1.669, 0.923, 1.937, 2.345, 2.277, 1.153, 1.592]
19|[1.433, 0.188, 0.049, 0.072, 0.729, 0.589, 0.304, 0.315, 0.356, 0.375, 0.445, 0.194, 0.26, 0.19, 0.37, 0.186, 0.261, 0.261, 0.449, 0.364, 0.307, 0.46, 0.748, 0.315, 0.348, 0.238, 0.247, 0.4, 0.188, 0.546, 0.184, 0.384, 0.493, 0.341, 0.233, 0.357, 0.336, 0.593, 0.505, 0.687, 0.313, 0.252, 0.482, 0.273, 0.744, 0.241, 0.636, 0.217, 0.336, 0.309, 0.199, 0.198, 0.321, 0.193, 0.615, 0.62, 0.303, 0.333, 0.455, 0.709, 0.84, 0.223, 0.276, 0.268, 0.316, 0.178, 0.37, 0.287, 0.987, 0.517, 0.352, 0.672, 0.218, 0.909, 0.276, 0.401, 0.233, 0.197, 0.672, 0.327, 0.575, 0.56, 0.353, 0.293, 0.329, 0.355, 0.419, 0.689, 0.175, 0.54, 0.251, 0.234, 0.26, 0.196, 0.208, 0.395, 0.354, 0.462, 0.321, 0.174, 0.33, 0.669, 0.324, 0.489, 0.253]
20|[0.581, 0.142, 0.206, 2.347, 3.919, 0.013, 0.003, 0.007, 0.01, 0.013, 0.011, 0.002, 0.003, 0.005, 0.007, 0.002, 0.008, 0.004, 0.005, 0.015, 0.005, 0.007, 0.006, 0.004, 0.006, 0.006, 0.002, 0.008, 0.004, 0.023, 0.005, 0.015, 0.022, 0.011, 0.004, 0.008, 0.01, 0.016, 0.009, 0.015, 0.006, 0.006, 0.011, 0.004, 0.007, 0.002, 0.007, 0.004, 0.041, 0.007, 0.006, 0.003, 0.018, 0.003, 0.013, 0.011, 0.006, 0.006, 0.01, 0.011, 0.011, 0.007, 0.009, 0.007, 0.007, 0.006, 0.004, 0.003, 0.018, 0.01, 0.009, 0.016, 0.002, 0.013, 0.003, 0.003, 0.005, 0.004, 0.046, 0.009, 0.01, 0.018, 0.015, 0.004, 0.003, 0.018, 0.011, 0.015, 0.005, 0.009, 0.004, 0.01, 0.002, 0.004, 0.006, 0.009, 0.012, 0.008, 0.004, 0.006, 0.007, 0.003, 0.006, 0.007, 0.004]
21|[0.438, 0.0, 0.0, 20.493, 5.016, 0.0, 0.0, 0.0, 0.0, 0.0, 0.0, 0.0, 0.0, 0.0, 0.0, 0.0, 0.0, 0.0, 0.0, 0.004, 0.0, 0.0, 0.0, 0.0, 0.0, 0.0, 0.0, 0.0, 0.0, 0.0, 0.0, 0.0, 0.0, 0.0, 0.0, 0.0, 0.0, 0.0, 0.0, 0.0, 0.002, 0.001, 0.0, 0.0, 0.0, 0.0, 0.0, 0.0, 0.005, 0.0, 0.001, 0.0, 0.0, 0.0, 0.0, 0.0, 0.0, 0.0, 0.0, 0.0, 0.0, 0.0, 0.0, 0.0, 0.0, 0.0, 0.0, 0.0, 0.0, 0.0, 0.0, 0.0, 0.0, 0.005, 0.0, 0.0, 0.0, 0.0, 0.007, 0.0, 0.0, 0.0, 0.0, 0.0, 0.0, 0.0, 0.0, 0.0, 0.0, 0.0, 0.0, 0.0, 0.0, 0.0, 0.0, 0.0, 0.0, 0.0, 0.0, 0.0, 0.0, 0.0, 0.0, 0.0, 0.0]
22|[0.88, 2.127, 0.028, 1.255, 0.679, 0.029, 0.016, 0.013, 0.017, 0.018, 0.024, 0.017, 0.009, 0.003, 0.012, 0.006, 0.013, 0.018, 0.019, 0.026, 0.011, 0.025, 0.029, 0.012, 0.035, 0.005, 0.012, 0.022, 0.007, 0.03, 0.006, 0.024, 0.018, 0.012, 0.006, 0.012, 0.015, 0.024, 0.033, 0.044, 0.012, 0.009, 0.015, 0.014, 0.05, 0.01, 0.044, 0.012, 0.055, 0.019, 0.012, 0.009, 0.028, 0.017, 0.017, 0.024, 0.01, 0.005, 0.007, 0.007, 0.047, 0.014, 0.016, 0.006, 0.013, 0.014, 0.026, 0.014, 0.034, 0.024, 0.028, 0.05, 0.007, 0.051, 0.011, 0.013, 0.006, 0.014, 0.092, 0.009, 0.024, 0.032, 0.017, 0.004, 0.01, 0.018, 0.013, 0.06, 0.012, 0.023, 0.02, 0.011, 0.008, 0.021, 0.009, 0.012, 0.014, 0.01, 0.014, 0.011, 0.031, 0.035, 0.014, 0.015, 0.013]
23|[1.122, 0.194, 0.09, 0.095, 0.415, 0.577, 0.285, 0.253, 0.278, 0.224, 0.328, 0.185, 0.169, 0.144, 0.354, 0.167, 0.308, 0.177, 0.277, 0.277, 0.218, 0.413, 0.616, 0.25, 0.326, 0.276, 0.182, 0.293, 0.213, 0.33, 0.119, 0.241, 0.435, 0.284, 0.249, 0.31, 0.352, 0.674, 0.461, 0.574, 0.151, 0.223, 0.294, 0.218, 0.358, 0.165, 0.861, 0.167, 0.271, 0.276, 0.21, 0.282, 0.31, 0.19, 0.551, 0.352, 0.289, 0.261, 0.277, 0.392, 0.637, 0.227, 0.181, 0.246, 0.252, 0.163, 0.391, 0.323, 0.388, 0.372, 0.277, 0.855, 0.142, 0.356, 0.237, 0.233, 0.2, 0.158, 0.499, 0.278, 0.458, 0.317, 0.274, 0.219, 0.154, 0.241, 0.274, 1.148, 0.13, 0.478, 0.235, 0.196, 0.197, 0.189, 0.166, 0.277, 0.219, 0.222, 0.292, 0.146, 0.206, 0.732, 0.35, 0.463, 0.243]
24|[1.853, 0.0, 0.0, 1.437, 1.139, 0.021, 0.011, 0.013, 0.015, 0.004, 0.021, 0.01, 0.013, 0.009, 0.01, 0.003, 0.015, 0.013, 0.016, 0.012, 0.004, 0.023, 0.019, 0.007, 0.014, 0.01, 0.008, 0.021, 0.014, 0.013, 0.004, 0.007, 0.021, 0.013, 0.011, 0.009, 0.027, 0.037, 0.047, 0.042, 0.003, 0.018, 0.011, 0.013, 0.027, 0.013, 0.018, 0.011, 0.056, 0.011, 0.009, 0.016, 0.013, 0.009, 0.028, 0.016, 0.006, 0.019, 0.031, 0.029, 0.039, 0.026, 0.009, 0.009, 0.016, 0.009, 0.008, 0.008, 0.018, 0.011, 0.017, 0.03, 0.014, 0.024, 0.016, 0.013, 0.007, 0.01, 0.089, 0.017, 0.01, 0.028, 0.017, 0.01, 0.011, 0.027, 0.013, 0.016, 0.007, 0.006, 0.017, 0.009, 0.003, 0.009, 0.009, 0.031, 0.019, 0.011, 0.014, 0.015, 0.023, 0.019, 0.016, 0.015, 0.017]
25|[0.931, 1.171, 0.821, 0.065, 0.313, 0.339, 0.108, 0.049, 0.04, 0.006, 0.134, 0.047, 0.041, 0.003, 0.005, 0.002, 0.0, 0.107, 0.009, 0.014, 0.003, 0.006, 0.113, 0.011, 0.021, 0.045, 0.014, 0.018, 0.056, 0.021, 0.0, 0.0, 0.03, 0.011, 0.008, 0.018, 0.058, 0.1, 0.159, 0.164, 0.063, 0.0, 0.013, 0.043, 0.011, 0.003, 0.098, 0.007, 0.023, 0.014, 0.038, 0.052, 0.074, 0.01, 0.008, 0.0, 0.065, 0.01, 0.022, 0.023, 0.024, 0.004, 0.011, 0.009, 0.062, 0.006, 0.052, 0.064, 0.01, 0.103, 0.1, 0.029, 0.0, 0.014, 0.047, 0.114, 0.017, 0.022, 0.091, 0.007, 0.108, 0.024, 0.022, 0.007, 0.046, 0.177, 0.152, 0.022, 0.003, 0.022, 0.041, 0.007, 0.041, 0.014, 0.008, 0.074, 0.123, 0.0, 0.061, 0.039, 0.088, 0.302, 0.055, 0.098, 0.044]
26|[0.96, 2.814, 0.108, 0.447, 0.483, 0.112, 0.038, 0.03, 0.083, 0.048, 0.048, 0.028, 0.029, 0.024, 0.054, 0.017, 0.035, 0.049, 0.048, 0.049, 0.036, 0.076, 0.078, 0.037, 0.071, 0.035, 0.039, 0.05, 0.041, 0.077, 0.026, 0.046, 0.081, 0.059, 0.039, 0.041, 0.043, 0.077, 0.077, 0.158, 0.036, 0.04, 0.076, 0.048, 0.071, 0.028, 0.079, 0.035, 0.109, 0.07, 0.04, 0.029, 0.033, 0.037, 0.066, 0.047, 0.043, 0.021, 0.047, 0.074, 0.129, 0.044, 0.046, 0.039, 0.031, 0.032, 0.076, 0.05, 0.111, 0.075, 0.072, 0.098, 0.024, 0.101, 0.069, 0.046, 0.035, 0.038, 0.162, 0.04, 0.052, 0.109, 0.048, 0.032, 0.035, 0.038, 0.054, 0.094, 0.025, 0.055, 0.048, 0.043, 0.023, 0.041, 0.029, 0.058, 0.042, 0.036, 0.051, 0.036, 0.049, 0.109, 0.035, 0.06, 0.055]
27|[1.058, 3.103, 0.341, 0.101, 0.501, 0.672, 0.177, 0.166, 0.263, 0.198, 0.224, 0.138, 0.167, 0.09, 0.271, 0.118, 0.144, 0.083, 0.225, 0.222, 0.152, 0.315, 0.055, 0.074, 0.346, 0.218, 0.157, 0.195, 0.12, 0.247, 0.062, 0.173, 0.372, 0.115, 0.151, 0.253, 0.303, 0.333, 0.665, 1.255, 0.223, 0.117, 0.183, 0.201, 0.348, 0.123, 0.54, 0.133, 0.17, 0.564, 0.115, 0.149, 0.274, 0.16, 0.444, 0.224, 0.138, 0.228, 0.405, 0.389, 0.377, 0.175, 0.225, 0.093, 0.182, 0.084, 0.254, 0.119, 0.646, 0.232, 0.305, 0.329, 0.139, 0.409, 0.152, 0.213, 0.147, 0.109, 0.384, 0.131, 0.207, 0.28, 0.281, 0.171, 0.17, 0.241, 0.241, 0.622, 0.103, 0.319, 0.264, 0.169, 0.093, 0.162, 0.142, 0.238, 0.199, 0.227, 0.225, 0.155, 0.357, 0.328, 0.184, 0.21, 0.161]
28|[1.361, 1.945, 0.166, 0.127, 0.423, 0.534, 0.308, 0.254, 0.386, 0.332, 0.274, 0.111, 0.208, 0.122, 0.383, 0.143, 0.28, 0.255, 0.341, 0.309, 0.232, 0.387, 0.382, 0.209, 0.354, 0.298, 0.207, 0.308, 0.188, 0.293, 0.13, 0.221, 0.505, 0.288, 0.182, 0.248, 0.399, 0.472, 0.616, 0.394, 0.214, 0.242, 0.306, 0.247, 0.518, 0.189, 0.61, 0.147, 0.362, 0.41, 0.2, 0.194, 0.297, 0.139, 0.416, 0.335, 0.277, 0.204, 0.404, 0.549, 0.552, 0.182, 0.303, 0.246, 0.186, 0.106, 0.453, 0.315, 0.454, 0.41, 0.299, 0.648, 0.175, 0.577, 0.207, 0.355, 0.214, 0.218, 0.444, 0.239, 0.274, 0.401, 0.347, 0.197, 0.203, 0.277, 0.308, 0.649, 0.155, 0.403, 0.212, 0.2, 0.163, 0.238, 0.179, 0.325, 0.274, 0.266, 0.229, 0.174, 0.363, 0.635, 0.232, 0.356, 0.226]
29|[1.204, 0.517, 0.075, 0.424, 1.548, 0.655, 0.194, 0.13, 0.22, 0.294, 0.14, 0.201, 0.08, 0.032, 0.136, 0.097, 0.211, 0.166, 0.224, 0.11, 0.167, 0.187, 0.062, 0.246, 0.506, 0.119, 0.069, 0.114, 0.109, 0.685, 0.152, 0.338, 0.068, 0.051, 0.1, 0.06, 0.044, 0.672, 0.406, 0.843, 0.162, 0.052, 0.161, 0.148, 0.312, 0.148, 0.442, 0.056, 0.414, 0.229, 0.073, 0.089, 0.147, 0.074, 0.118, 0.09, 0.011, 0.051, 0.283, 0.363, 0.365, 0.176, 0.046, 0.19, 0.085, 0.066, 0.255, 0.101, 0.873, 0.401, 0.201, 0.108, 0.04, 0.285, 0.191, 0.028, 0.067, 0.062, 0.644, 0.12, 0.147, 0.293, 0.197, 0.035, 0.224, 0.304, 0.201, 0.296, 0.064, 0.049, 0.143, 0.033, 0.084, 0.118, 0.111, 0.151, 0.19, 0.101, 0.253, 0.063, 0.5, 0.544, 0.145, 0.451, 0.073]
30|[0.7, 3.829, 0.301, 2.664, 1.312, 0.026, 0.004, 0.003, 0.0, 0.005, 0.0, 0.014, 0.002, 0.006, 0.006, 0.003, 0.013, 0.0, 0.008, 0.0, 0.014, 0.014, 0.0, 0.0, 0.007, 0.002, 0.001, 0.016, 0.0, 0.0, 0.003, 0.0, 0.034, 0.003, 0.01, 0.0, 0.005, 0.003, 0.033, 0.0, 0.019, 0.01, 0.003, 0.001, 0.0, 0.001, 0.007, 0.0, 0.018, 0.003, 0.001, 0.007, 0.0, 0.005, 0.005, 0.018, 0.0, 0.002, 0.027, 0.009, 0.013, 0.006, 0.0, 0.002, 0.006, 0.004, 0.002, 0.003, 0.007, 0.005, 0.006, 0.005, 0.006, 0.006, 0.001, 0.002, 0.0, 0.001, 0.052, 0.006, 0.032, 0.009, 0.005, 0.0, 0.014, 0.027, 0.002, 0.0, 0.004, 0.019, 0.008, 0.005, 0.005, 0.0, 0.0, 0.0, 0.002, 0.001, 0.003, 0.002, 0.002, 0.009, 0.004, 0.009, 0.005]
31|[1.165, 0.0, 1.432, 0.0, 0.018, 0.103, 0.0, 0.0, 0.0, 0.0, 0.0, 0.0, 0.0, 0.0, 0.001, 0.0, 0.0, 0.0, 0.0, 0.023, 0.001, 0.001, 0.003, 0.001, 0.056, 0.0, 0.0, 0.0, 0.001, 0.097, 0.0, 0.0, 0.0, 0.0, 0.0, 0.0, 0.001, 0.001, 0.0, 0.055, 0.0, 0.0, 0.001, 0.001, 0.0, 0.001, 0.0, 0.0, 0.0, 0.0, 0.0, 0.0, 0.001, 0.0, 0.0, 0.0, 0.0, 0.018, 0.0, 0.0, 0.044, 0.015, 0.017, 0.0, 0.018, 0.0, 0.0, 0.023, 0.0, 0.0, 0.0, 0.0, 0.001, 0.002, 0.0, 0.0, 0.013, 0.0, 0.001, 0.0, 0.0, 0.0, 0.0, 0.0, 0.0, 0.0, 0.0, 0.002, 0.0, 0.001, 0.001, 0.001, 0.001, 0.0, 0.0, 0.0, 0.02, 0.0, 0.0, 0.0, 0.0, 0.037, 0.001, 0.001, 0.001]
32|[1.084, 0.881, 0.225, 0.074, 0.382, 0.85, 0.305, 0.374, 0.512, 0.333, 0.673, 0.285, 0.209, 0.162, 0.373, 0.142, 0.155, 0.133, 0.73, 0.351, 0.243, 0.391, 0.316, 0.125, 0.628, 0.374, 0.13, 0.442, 0.355, 0.92, 0.114, 0.234, 0.518, 0.576, 0.245, 0.224, 0.421, 0.749, 0.869, 1.1, 0.429, 0.227, 0.496, 0.171, 0.622, 0.158, 0.533, 0.263, 0.388, 0.647, 0.231, 0.352, 0.262, 0.173, 0.394, 0.496, 0.364, 0.217, 0.496, 0.457, 1.249, 0.249, 0.406, 0.172, 0.273, 0.126, 0.439, 0.388, 0.429, 0.354, 0.57, 0.586, 0.084, 0.284, 0.4, 0.225, 0.31, 0.171, 0.55, 0.176, 0.361, 0.448, 0.443, 0.268, 0.247, 0.395, 0.373, 1.164, 0.234, 0.3, 0.32, 0.33, 0.281, 0.284, 0.194, 0.317, 0.166, 0.335, 0.426, 0.223, 0.369, 1.081, 0.34, 0.521, 0.317]
33|[1.121, 2.94, 0.044, 0.101, 0.319, 0.331, 0.266, 0.183, 0.417, 0.331, 0.319, 0.146, 0.232, 0.167, 0.302, 0.14, 0.245, 0.213, 0.273, 0.264, 0.208, 0.542, 0.184, 0.107, 0.353, 0.166, 0.233, 0.247, 0.172, 1.089, 0.115, 0.135, 0.427, 0.353, 0.158, 0.381, 0.38, 0.54, 0.453, 0.354, 0.249, 0.172, 0.274, 0.239, 0.58, 0.222, 0.371, 0.159, 0.292, 0.656, 0.165, 0.171, 0.407, 0.171, 0.52, 0.327, 0.313, 0.168, 0.258, 0.5, 0.589, 0.247, 0.308, 0.211, 0.24, 0.149, 0.361, 0.339, 0.32, 0.389, 0.359, 0.607, 0.211, 0.555, 0.229, 0.283, 0.184, 0.195, 0.36, 0.295, 0.23, 0.537, 0.282, 0.058, 0.21, 0.256, 0.317, 0.705, 0.133, 0.355, 0.217, 0.191, 0.248, 0.171, 0.104, 0.302, 0.242, 0.185, 0.372, 0.13, 0.432, 0.766, 0.199, 0.362, 0.234]
34|[0.957, 0.179, 0.93, 0.148, 0.623, 0.073, 0.037, 0.022, 0.048, 0.02, 0.039, 0.011, 0.012, 0.018, 0.013, 0.004, 0.021, 0.014, 0.035, 0.066, 0.013, 0.037, 0.074, 0.021, 0.04, 0.012, 0.015, 0.031, 0.007, 0.058, 0.006, 0.045, 0.024, 0.032, 0.028, 0.03, 0.032, 0.03, 0.043, 0.158, 0.026, 0.039, 0.018, 0.029, 0.059, 0.015, 0.026, 0.019, 0.044, 0.027, 0.017, 0.015, 0.042, 0.016, 0.023, 0.019, 0.024, 0.024, 0.028, 0.047, 0.049, 0.028, 0.027, 0.017, 0.04, 0.005, 0.028, 0.035, 0.037, 0.03, 0.023, 0.016, 0.012, 0.094, 0.03, 0.007, 0.018, 0.016, 0.044, 0.031, 0.026, 0.077, 0.04, 0.019, 0.007, 0.015, 0.04, 0.057, 0.009, 0.023, 0.018, 0.018, 0.022, 0.022, 0.019, 0.037, 0.049, 0.035, 0.007, 0.012, 0.041, 0.082, 0.018, 0.05, 0.021]
35|[0.84, 0.147, 0.102, 0.931, 1.966, 0.06, 0.021, 0.025, 0.034, 0.028, 0.029, 0.015, 0.019, 0.016, 0.012, 0.008, 0.017, 0.017, 0.025, 0.026, 0.027, 0.032, 0.042, 0.02, 0.044, 0.023, 0.015, 0.024, 0.018, 0.058, 0.017, 0.02, 0.029, 0.042, 0.026, 0.017, 0.027, 0.055, 0.095, 0.076, 0.01, 0.019, 0.021, 0.023, 0.034, 0.013, 0.025, 0.016, 0.083, 0.021, 0.015, 0.017, 0.041, 0.013, 0.031, 0.048, 0.022, 0.013, 0.049, 0.038, 0.049, 0.024, 0.025, 0.021, 0.021, 0.022, 0.02, 0.026, 0.031, 0.032, 0.02, 0.054, 0.011, 0.074, 0.013, 0.016, 0.021, 0.01, 0.105, 0.026, 0.032, 0.066, 0.029, 0.019, 0.031, 0.04, 0.029, 0.063, 0.008, 0.021, 0.019, 0.026, 0.015, 0.012, 0.012, 0.039, 0.032, 0.031, 0.017, 0.011, 0.038, 0.05, 0.012, 0.037, 0.016]
36|[1.575, 0.151, 0.127, 0.068, 0.723, 1.229, 0.197, 0.279, 0.346, 0.425, 0.423, 0.359, 0.139, 0.35, 0.409, 0.239, 0.35, 0.457, 0.46, 0.841, 0.717, 1.087, 0.414, 0.38, 0.856, 0.254, 0.26, 0.513, 0.219, 0.151, 0.53, 0.952, 1.525, 1.034, 0.454, 0.592, 0.949, 0.297, 1.135, 0.71, 0.847, 0.646, 0.262, 0.399, 1.126, 0.601, 0.838, 0.148, 0.989, 1.046, 0.23, 0.382, 0.269, 0.773, 0.388, 1.118, 0.317, 0.497, 0.903, 0.789, 0.805, 0.454, 0.212, 0.686, 0.516, 0.37, 0.857, 0.266, 0.542, 1.103, 0.924, 1.053, 0.033, 0.418, 0.358, 0.208, 0.728, 0.238, 0.296, 0.494, 0.697, 1.461, 0.427, 0.469, 0.367, 0.555, 0.575, 0.878, 0.363, 0.922, 0.422, 0.418, 0.475, 0.353, 0.361, 0.042, 0.602, 0.228, 0.239, 0.393, 0.301, 0.486, 0.509, 2.266, 0.451]
37|[1.08, 0.129, 1.671, 0.16, 1.522, 0.129, 0.038, 0.072, 0.075, 0.029, 0.04, 0.026, 0.025, 0.058, 0.041, 0.017, 0.057, 0.023, 0.085, 0.041, 0.076, 0.113, 0.059, 0.015, 0.017, 0.03, 0.02, 0.022, 0.025, 0.148, 0.026, 0.115, 0.066, 0.054, 0.054, 0.044, 0.054, 0.12, 0.088, 0.115, 0.031, 0.024, 0.059, 0.043, 0.101, 0.019, 0.09, 0.021, 0.078, 0.052, 0.017, 0.033, 0.031, 0.016, 0.106, 0.115, 0.019, 0.046, 0.045, 0.039, 0.114, 0.026, 0.016, 0.026, 0.044, 0.036, 0.059, 0.036, 0.036, 0.064, 0.118, 0.051, 0.032, 0.06, 0.068, 0.035, 0.046, 0.022, 0.088, 0.06, 0.064, 0.088, 0.047, 0.044, 0.061, 0.056, 0.07, 0.069, 0.018, 0.039, 0.042, 0.024, 0.038, 0.029, 0.018, 0.085, 0.038, 0.044, 0.051, 0.031, 0.057, 0.08, 0.051, 0.038, 0.077]
38|[1.313, 0.805, 0.206, 0.054, 0.602, 1.195, 0.533, 0.352, 0.613, 0.456, 0.25, 0.36, 0.365, 0.281, 0.473, 0.225, 0.494, 0.378, 0.372, 0.678, 0.34, 0.592, 0.694, 0.362, 0.874, 0.292, 0.297, 0.397, 0.305, 0.569, 0.333, 0.615, 0.608, 0.598, 0.273, 0.491, 0.548, 0.723, 0.828, 0.816, 0.343, 0.34, 0.564, 0.361, 0.836, 0.19, 0.895, 0.422, 0.536, 0.481, 0.314, 0.27, 0.525, 0.248, 0.974, 0.322, 0.39, 0.306, 0.522, 0.679, 0.917, 0.398, 0.379, 0.358, 0.516, 0.22, 0.482, 0.606, 0.653, 0.88, 0.415, 0.861, 0.302, 0.308, 0.411, 0.347, 0.368, 0.234, 0.661, 0.512, 0.754, 0.569, 0.513, 0.373, 0.391, 0.59, 0.358, 2.133, 0.258, 0.639, 0.322, 0.347, 0.382, 0.34, 0.245, 0.558, 0.379, 0.674, 0.369, 0.328, 0.427, 1.291, 0.477, 0.541, 0.331]
39|[1.229, 0.161, 0.056, 0.232, 0.441, 0.142, 0.089, 0.089, 0.121, 0.071, 0.114, 0.055, 0.056, 0.055, 0.106, 0.051, 0.074, 0.06, 0.111, 0.093, 0.073, 0.16, 0.152, 0.072, 0.114, 0.089, 0.067, 0.074, 0.067, 0.177, 0.043, 0.084, 0.128, 0.078, 0.069, 0.085, 0.116, 0.155, 0.158, 0.11, 0.095, 0.052, 0.105, 0.064, 0.148, 0.065, 0.193, 0.056, 0.129, 0.14, 0.057, 0.064, 0.121, 0.052, 0.157, 0.067, 0.058, 0.062, 0.098, 0.125, 0.154, 0.073, 0.07, 0.071, 0.069, 0.04, 0.118, 0.076, 0.158, 0.09, 0.09, 0.154, 0.052, 0.208, 0.072, 0.099, 0.043, 0.053, 0.184, 0.106, 0.094, 0.134, 0.096, 0.106, 0.071, 0.097, 0.108, 0.246, 0.038, 0.154, 0.081, 0.067, 0.065, 0.053, 0.045, 0.135, 0.095, 0.084, 0.079, 0.042, 0.12, 0.201, 0.07, 0.111, 0.055]
40|[1.247, 1.423, 0.067, 0.067, 0.341, 1.018, 0.685, 0.522, 0.628, 0.602, 0.711, 0.442, 0.448, 0.254, 0.686, 0.225, 0.375, 0.494, 0.72, 1.195, 0.617, 1.115, 0.68, 0.468, 0.842, 0.508, 0.294, 0.554, 0.337, 0.86, 0.35, 0.791, 0.949, 0.652, 0.302, 0.588, 0.887, 1.641, 1.402, 0.605, 0.628, 0.516, 0.662, 0.541, 0.659, 0.316, 1.087, 0.372, 0.752, 0.939, 0.399, 0.408, 0.615, 0.339, 1.008, 0.839, 0.615, 0.43, 0.808, 1.445, 1.398, 0.591, 0.472, 0.52, 0.431, 0.28, 0.64, 0.709, 1.412, 1.234, 0.855, 1.14, 0.416, 1.276, 0.695, 0.592, 0.258, 0.249, 1.139, 0.626, 0.56, 0.849, 0.587, 0.43, 0.434, 0.523, 0.706, 0.569, 0.458, 1.222, 0.547, 0.487, 0.323, 0.36, 0.487, 0.836, 0.314, 0.549, 0.51, 0.302, 0.897, 1.411, 0.558, 0.887, 0.404]
41|[1.094, 0.595, 0.046, 0.148, 0.226, 30.797, 46.79, 48.436, 42.762, 45.174, 43.182, 47.918, 47.821, 48.818, 46.235, 49.52, 47.597, 48.556, 43.174, 43.088, 47.715, 40.852, 33.834, 46.599, 41.945, 47.641, 49.094, 43.046, 47.854, 21.985, 49.473, 41.509, 33.783, 42.75, 48.482, 44.429, 44.205, 34.019, 32.772, 0.0, 46.406, 46.992, 42.89, 47.834, 33.985, 48.479, 31.984, 48.396, 44.313, 41.089, 49.104, 48.976, 44.01, 49.219, 31.72, 36.564, 47.337, 47.387, 41.962, 25.827, 0.0, 46.902, 46.745, 47.748, 47.823, 49.299, 45.621, 44.623, 0.0, 39.764, 42.459, 15.289, 49.021, 22.377, 47.609, 43.971, 47.567, 48.607, 40.146, 45.643, 38.297, 45.248, 45.387, 46.044, 47.081, 42.656, 44.187, 23.531, 49.163, 40.595, 48.658, 47.243, 48.708, 48.696, 48.445, 40.983, 46.616, 44.775, 46.667, 49.253, 43.225, 22.375, 47.296, 37.418, 47.836]
42|[0.946, 0.102, 0.145, 0.152, 0.517, 0.369, 0.137, 0.158, 0.287, 0.115, 0.177, 0.13, 0.111, 0.073, 0.198, 0.078, 0.131, 0.099, 0.174, 0.169, 0.134, 0.259, 0.2, 0.124, 0.222, 0.104, 0.099, 0.153, 0.114, 0.212, 0.086, 0.197, 0.231, 0.176, 0.116, 0.109, 0.19, 0.287, 0.296, 0.558, 0.124, 0.125, 0.195, 0.128, 0.367, 0.089, 0.344, 0.099, 0.195, 0.168, 0.101, 0.115, 0.19, 0.098, 0.26, 0.302, 0.117, 0.115, 0.182, 0.161, 0.321, 0.122, 0.091, 0.113, 0.124, 0.09, 0.157, 0.157, 0.173, 0.25, 0.195, 0.235, 0.041, 0.197, 0.103, 0.17, 0.116, 0.106, 0.296, 0.179, 0.181, 0.208, 0.104, 0.127, 0.143, 0.152, 0.167, 0.17, 0.082, 0.195, 0.127, 0.125, 0.153, 0.134, 0.097, 0.184, 0.191, 0.149, 0.111, 0.089, 0.152, 0.285, 0.114, 0.143, 0.101]
43|[1.484, 0.145, 0.023, 0.091, 0.69, 0.326, 0.133, 0.176, 0.358, 0.147, 0.224, 0.137, 0.153, 0.118, 0.299, 0.131, 0.195, 0.151, 0.286, 0.268, 0.23, 0.376, 0.366, 0.196, 0.237, 0.158, 0.108, 0.089, 0.165, 0.409, 0.126, 0.296, 0.288, 0.227, 0.178, 0.205, 0.251, 0.294, 0.538, 0.133, 0.182, 0.201, 0.164, 0.165, 0.416, 0.11, 0.433, 0.146, 0.349, 0.305, 0.084, 0.18, 0.213, 0.122, 0.385, 0.285, 0.165, 0.154, 0.239, 0.314, 0.495, 0.218, 0.217, 0.213, 0.161, 0.138, 0.231, 0.207, 1.009, 0.373, 0.28, 0.597, 0.101, 0.358, 0.131, 0.212, 0.141, 0.127, 0.407, 0.258, 0.328, 0.331, 0.244, 0.154, 0.169, 0.28, 0.273, 0.488, 0.113, 0.33, 0.182, 0.219, 0.151, 0.159, 0.147, 0.314, 0.23, 0.216, 0.25, 0.149, 0.326, 0.525, 0.206, 0.402, 0.169]
44|[0.893, 0.374, 0.116, 0.592, 1.778, 0.513, 0.098, 0.056, 0.224, 0.283, 0.182, 0.22, 0.018, 0.057, 0.08, 0.058, 0.159, 0.063, 0.197, 0.174, 0.152, 0.209, 0.091, 0.112, 0.316, 0.095, 0.035, 0.083, 0.05, 0.354, 0.131, 0.245, 0.102, 0.125, 0.066, 0.054, 0.083, 0.439, 0.26, 0.464, 0.112, 0.069, 0.146, 0.127, 0.162, 0.101, 0.228, 0.056, 0.255, 0.071, 0.045, 0.044, 0.177, 0.094, 0.134, 0.156, 0.071, 0.13, 0.254, 0.198, 0.372, 0.13, 0.089, 0.133, 0.055, 0.059, 0.081, 0.11, 0.48, 0.147, 0.128, 0.158, 0.022, 0.153, 0.129, 0.065, 0.084, 0.048, 0.486, 0.099, 0.09, 0.215, 0.153, 0.045, 0.212, 0.314, 0.175, 0.317, 0.043, 0.072, 0.067, 0.063, 0.026, 0.05, 0.05, 0.087, 0.295, 0.065, 0.216, 0.037, 0.2, 0.436, 0.112, 0.089, 0.067]
45|[14.082, 0.689, 0.0, 0.135, 0.509, 0.198, 0.069, 0.113, 0.249, 0.145, 0.071, 0.073, 0.018, 0.084, 0.228, 0.039, 0.059, 0.085, 0.189, 0.183, 0.125, 0.113, 0.251, 0.129, 0.139, 0.072, 0.071, 0.123, 0.047, 0.137, 0.098, 0.104, 0.191, 0.043, 0.088, 0.162, 0.091, 0.333, 0.095, 0.352, 0.062, 0.077, 0.141, 0.093, 0.223, 0.055, 0.184, 0.082, 0.133, 0.112, 0.107, 0.134, 0.208, 0.061, 0.295, 0.235, 0.08, 0.114, 0.07, 0.211, 0.291, 0.044, 0.116, 0.046, 0.167, 0.052, 0.198, 0.127, 0.335, 0.174, 0.123, 0.203, 0.099, 0.209, 0.084, 0.131, 0.111, 0.078, 0.369, 0.17, 0.107, 0.357, 0.07, 0.179, 0.117, 0.157, 0.216, 0.411, 0.095, 0.077, 0.086, 0.194, 0.091, 0.075, 0.048, 0.332, 0.208, 0.131, 0.164, 0.082, 0.237, 0.371, 0.093, 0.155, 0.128]
46|[0.707, 0.0, 0.0, 4.141, 1.706, 0.004, 0.002, 0.001, 0.004, 0.0, 0.004, 0.0, 0.0, 0.003, 0.002, 0.001, 0.002, 0.002, 0.003, 0.0, 0.001, 0.003, 0.002, 0.002, 0.005, 0.0, 0.001, 0.002, 0.002, 0.005, 0.002, 0.011, 0.002, 0.003, 0.0, 0.002, 0.009, 0.007, 0.002, 0.004, 0.001, 0.002, 0.0, 0.002, 0.0, 0.001, 0.004, 0.001, 0.022, 0.003, 0.001, 0.003, 0.011, 0.001, 0.0, 0.002, 0.001, 0.001, 0.002, 0.0, 0.008, 0.003, 0.006, 0.002, 0.003, 0.0, 0.004, 0.005, 0.007, 0.0, 0.007, 0.01, 0.0, 0.005, 0.001, 0.003, 0.0, 0.003, 0.032, 0.004, 0.005, 0.005, 0.002, 0.0, 0.002, 0.008, 0.001, 0.004, 0.002, 0.001, 0.003, 0.0, 0.002, 0.001, 0.002, 0.0, 0.003, 0.009, 0.002, 0.002, 0.002, 0.005, 0.006, 0.003, 0.004]
47|[1.124, 0.823, 0.223, 0.09, 0.71, 0.377, 0.216, 0.152, 0.217, 0.256, 0.183, 0.141, 0.174, 0.135, 0.253, 0.085, 0.206, 0.187, 0.254, 0.221, 0.191, 0.425, 0.209, 0.178, 0.245, 0.216, 0.147, 0.243, 0.153, 0.447, 0.126, 0.148, 0.306, 0.217, 0.168, 0.154, 0.238, 0.541, 0.428, 0.444, 0.203, 0.118, 0.253, 0.145, 0.363, 0.114, 0.315, 0.124, 0.275, 0.338, 0.125, 0.149, 0.279, 0.116, 0.408, 0.338, 0.19, 0.158, 0.199, 0.485, 0.632, 0.176, 0.173, 0.153, 0.178, 0.125, 0.21, 0.288, 0.219, 0.272, 0.19, 0.28, 0.119, 0.707, 0.159, 0.286, 0.142, 0.158, 0.291, 0.218, 0.179, 0.366, 0.235, 0.126, 0.151, 0.26, 0.292, 0.734, 0.125, 0.365, 0.182, 0.184, 0.127, 0.167, 0.14, 0.277, 0.225, 0.216, 0.207, 0.134, 0.249, 0.466, 0.242, 0.36, 0.215]
48|[1.304, 3.021, 0.081, 0.065, 0.351, 0.513, 0.374, 0.392, 0.836, 0.476, 0.363, 0.21, 0.368, 0.155, 0.61, 0.132, 0.281, 0.425, 0.498, 0.535, 0.327, 0.528, 0.332, 0.253, 0.461, 0.371, 0.341, 0.264, 0.27, 0.959, 0.27, 0.258, 0.887, 0.604, 0.366, 0.276, 0.394, 0.896, 0.892, 0.903, 0.413, 0.276, 0.532, 0.362, 0.861, 0.326, 0.656, 0.201, 0.337, 0.751, 0.35, 0.237, 0.505, 0.218, 0.433, 0.188, 0.308, 0.38, 0.23, 1.02, 1.056, 0.295, 0.535, 0.326, 0.252, 0.138, 0.39, 0.583, 1.627, 0.531, 0.723, 0.862, 0.246, 0.891, 0.331, 0.715, 0.202, 0.272, 0.924, 0.307, 0.793, 0.639, 0.568, 0.371, 0.339, 0.495, 0.433, 1.117, 0.145, 0.481, 0.234, 0.349, 0.215, 0.461, 0.285, 0.467, 0.263, 0.368, 0.502, 0.16, 0.592, 1.042, 0.396, 0.395, 0.294]
49|[1.138, 1.16, 0.148, 0.056, 0.516, 0.882, 0.384, 0.29, 0.718, 0.417, 0.443, 0.21, 0.333, 0.275, 0.545, 0.184, 0.393, 0.259, 0.251, 0.418, 0.277, 0.7, 0.786, 0.283, 0.54, 0.24, 0.289, 0.352, 0.219, 0.571, 0.23, 0.402, 0.647, 0.445, 0.328, 0.371, 0.433, 1.38, 0.737, 0.62, 0.36, 0.311, 0.579, 0.355, 0.607, 0.271, 0.755, 0.194, 0.488, 0.608, 0.234, 0.199, 0.638, 0.241, 0.879, 0.155, 0.334, 0.35, 0.518, 0.746, 0.694, 0.248, 0.39, 0.29, 0.262, 0.17, 0.444, 0.413, 0.404, 0.461, 0.638, 1.153, 0.258, 0.718, 0.436, 0.508, 0.288, 0.308, 0.617, 0.397, 0.63, 0.729, 0.353, 0.271, 0.261, 0.303, 0.621, 0.619, 0.14, 0.666, 0.267, 0.404, 0.247, 0.253, 0.305, 0.541, 0.504, 0.27, 0.448, 0.264, 0.595, 0.966, 0.382, 0.388, 0.314]
50|[0.949, 0.239, 0.076, 0.235, 1.044, 0.17, 0.108, 0.072, 0.111, 0.059, 0.085, 0.048, 0.061, 0.048, 0.099, 0.048, 0.071, 0.058, 0.102, 0.07, 0.083, 0.122, 0.109, 0.063, 0.105, 0.067, 0.05, 0.103, 0.047, 0.115, 0.048, 0.092, 0.101, 0.111, 0.073, 0.072, 0.089, 0.128, 0.168, 0.141, 0.07, 0.067, 0.076, 0.075, 0.162, 0.052, 0.169, 0.051, 0.133, 0.114, 0.049, 0.052, 0.104, 0.05, 0.148, 0.116, 0.062, 0.081, 0.13, 0.172, 0.156, 0.065, 0.07, 0.068, 0.045, 0.059, 0.099, 0.094, 0.262, 0.075, 0.09, 0.186, 0.041, 0.208, 0.072, 0.092, 0.073, 0.048, 0.182, 0.079, 0.102, 0.146, 0.077, 0.043, 0.07, 0.097, 0.073, 0.241, 0.037, 0.132, 0.079, 0.059, 0.058, 0.055, 0.045, 0.101, 0.094, 0.096, 0.059, 0.056, 0.146, 0.202, 0.056, 0.089, 0.06]
51|[1.167, 0.939, 0.0, 0.0, 0.831, 2.873, 1.232, 0.942, 2.394, 1.945, 2.602, 2.208, 1.784, 0.405, 1.725, 0.899, 1.777, 1.255, 0.878, 1.206, 2.137, 2.54, 3.028, 1.39, 1.409, 1.212, 0.0, 1.605, 1.41, 4.102, 0.955, 1.743, 4.864, 1.197, 2.388, 0.765, 2.828, 0.542, 1.466, 1.944, 0.82, 1.601, 3.36, 2.191, 1.267, 0.472, 2.045, 0.813, 0.62, 1.021, 1.32, 0.342, 2.957, 1.042, 4.97, 0.0, 0.278, 1.247, 2.086, 3.614, 2.309, 0.788, 0.581, 0.486, 2.835, 1.136, 1.074, 2.081, 0.0, 2.968, 1.727, 4.279, 0.716, 2.506, 1.158, 1.758, 0.0, 1.465, 3.494, 1.276, 4.9, 1.35, 0.781, 1.289, 1.665, 0.529, 1.374, 5.27, 1.242, 2.891, 1.09, 0.835, 0.454, 0.66, 2.087, 1.377, 0.695, 0.416, 0.922, 0.239, 2.199, 1.879, 0.293, 5.238, 1.607]
52|[0.949, 1.59, 0.185, 0.236, 0.414, 0.296, 0.204, 0.131, 0.191, 0.232, 0.216, 0.101, 0.14, 0.09, 0.148, 0.08, 0.164, 0.135, 0.332, 0.203, 0.188, 0.427, 0.542, 0.187, 0.2, 0.231, 0.171, 0.202, 0.158, 0.234, 0.077, 0.282, 0.317, 0.337, 0.101, 0.22, 0.245, 0.265, 0.849, 0.232, 0.177, 0.118, 0.209, 0.063, 0.395, 0.078, 0.411, 0.101, 0.207, 0.243, 0.061, 0.142, 0.223, 0.097, 0.363, 0.429, 0.127, 0.092, 0.35, 0.593, 0.218, 0.151, 0.211, 0.156, 0.119, 0.029, 0.169, 0.198, 0.117, 0.333, 0.24, 0.081, 0.085, 0.292, 0.124, 0.161, 0.108, 0.128, 0.397, 0.273, 0.2, 0.347, 0.183, 0.113, 0.137, 0.232, 0.337, 0.344, 0.136, 0.341, 0.158, 0.118, 0.194, 0.191, 0.103, 0.287, 0.22, 0.256, 0.209, 0.115, 0.259, 0.344, 0.293, 0.25, 0.132]
53|[1.403, 0.592, 0.139, 0.0, 0.626, 1.49, 1.173, 0.868, 1.57, 1.152, 1.486, 0.756, 0.853, 0.57, 1.24, 0.597, 0.934, 0.838, 1.365, 1.458, 0.947, 1.753, 1.779, 1.076, 1.571, 0.976, 0.758, 1.228, 0.773, 2.207, 0.585, 1.432, 1.553, 1.276, 0.81, 1.168, 1.437, 2.181, 2.594, 2.637, 1.105, 1.016, 1.273, 0.907, 2.044, 0.751, 2.286, 0.805, 0.992, 1.68, 0.671, 0.721, 1.243, 0.68, 1.792, 1.495, 1.003, 1.072, 1.668, 2.603, 2.976, 0.833, 1.024, 1.024, 0.905, 0.496, 1.349, 1.069, 2.641, 1.761, 1.521, 2.223, 0.553, 2.664, 0.956, 1.321, 0.695, 0.748, 2.047, 1.108, 2.093, 1.26, 1.011, 0.86, 0.849, 1.135, 1.388, 2.837, 0.519, 1.646, 0.926, 1.019, 0.673, 0.757, 0.894, 1.62, 1.038, 0.988, 1.097, 0.629, 1.381, 2.268, 1.051, 1.784, 0.911]
54|[0.912, 1.137, 1.623, 0.221, 0.848, 0.566, 0.273, 0.23, 0.382, 0.212, 0.24, 0.148, 0.13, 0.164, 0.25, 0.098, 0.25, 0.218, 0.37, 0.277, 0.256, 0.499, 0.271, 0.307, 0.364, 0.146, 0.181, 0.265, 0.262, 0.49, 0.164, 0.441, 0.309, 0.34, 0.246, 0.274, 0.227, 0.646, 0.87, 0.708, 0.255, 0.23, 0.208, 0.185, 0.309, 0.192, 0.433, 0.149, 0.272, 0.468, 0.108, 0.197, 0.361, 0.149, 0.709, 0.234, 0.233, 0.159, 0.265, 0.643, 0.447, 0.141, 0.236, 0.198, 0.125, 0.133, 0.388, 0.197, 0.692, 0.362, 0.244, 0.624, 0.154, 0.625, 0.171, 0.28, 0.082, 0.139, 0.706, 0.27, 0.28, 0.531, 0.532, 0.217, 0.136, 0.278, 0.386, 0.685, 0.086, 0.451, 0.268, 0.179, 0.253, 0.19, 0.167, 0.37, 0.317, 0.196, 0.285, 0.173, 0.31, 0.65, 0.196, 0.475, 0.222]
55|[0.803, 2.034, 1.102, 1.228, 1.304, 0.043, 0.024, 0.009, 0.049, 0.009, 0.032, 0.009, 0.012, 0.009, 0.016, 0.009, 0.027, 0.022, 0.038, 0.025, 0.008, 0.043, 0.067, 0.003, 0.06, 0.007, 0.018, 0.015, 0.009, 0.062, 0.01, 0.021, 0.028, 0.007, 0.01, 0.034, 0.009, 0.023, 0.034, 0.023, 0.005, 0.012, 0.021, 0.005, 0.029, 0.009, 0.013, 0.004, 0.058, 0.017, 0.019, 0.016, 0.033, 0.01, 0.011, 0.013, 0.009, 0.018, 0.032, 0.045, 0.045, 0.019, 0.02, 0.007, 0.017, 0.009, 0.016, 0.026, 0.036, 0.028, 0.018, 0.037, 0.008, 0.007, 0.025, 0.016, 0.013, 0.018, 0.088, 0.023, 0.04, 0.035, 0.024, 0.009, 0.007, 0.022, 0.02, 0.045, 0.011, 0.032, 0.019, 0.004, 0.013, 0.017, 0.008, 0.004, 0.024, 0.012, 0.011, 0.009, 0.022, 0.047, 0.008, 0.024, 0.007]
56|[0.949, 0.751, 0.416, 0.0, 0.84, 0.425, 0.228, 0.349, 0.295, 0.431, 0.137, 0.0, 0.0, 0.074, 0.127, 0.0, 0.219, 0.386, 0.325, 0.148, 0.098, 0.0, 0.839, 0.128, 0.173, 0.179, 0.0, 0.297, 0.0, 0.0, 0.212, 0.43, 0.8, 0.295, 0.08, 0.0, 0.262, 0.2, 0.813, 0.357, 0.1, 0.253, 0.356, 0.18, 0.233, 0.087, 0.188, 0.1, 0.343, 0.566, 0.163, 0.19, 0.181, 0.275, 0.261, 0.376, 0.0, 0.0, 0.965, 0.266, 0.283, 0.0, 0.215, 0.269, 0.0, 0.18, 0.099, 0.153, 1.47, 0.182, 0.479, 0.634, 0.0, 0.307, 0.172, 0.39, 0.085, 0.155, 0.923, 0.0, 0.225, 0.124, 0.289, 0.158, 0.102, 0.393, 0.203, 1.301, 0.131, 0.152, 0.134, 0.102, 0.168, 0.061, 0.309, 0.34, 0.385, 0.153, 0.113, 0.266, 0.487, 0.0, 0.218, 0.388, 0.098]
57|[1.541, 0.248, 0.043, 0.095, 0.481, 0.434, 0.168, 0.272, 0.323, 0.199, 0.314, 0.155, 0.186, 0.156, 0.253, 0.13, 0.154, 0.161, 0.337, 0.28, 0.197, 0.439, 0.376, 0.241, 0.359, 0.196, 0.141, 0.261, 0.177, 0.816, 0.137, 0.241, 0.2, 0.214, 0.139, 0.165, 0.19, 0.402, 0.463, 0.717, 0.214, 0.183, 0.316, 0.203, 0.382, 0.143, 0.324, 0.157, 0.254, 0.344, 0.134, 0.154, 0.255, 0.129, 0.418, 0.248, 0.237, 0.217, 0.204, 0.318, 0.346, 0.211, 0.198, 0.203, 0.188, 0.089, 0.293, 0.224, 0.403, 0.422, 0.33, 0.38, 0.099, 0.465, 0.18, 0.263, 0.161, 0.152, 0.323, 0.256, 0.496, 0.295, 0.285, 0.194, 0.149, 0.201, 0.271, 0.397, 0.107, 0.262, 0.185, 0.256, 0.131, 0.161, 0.119, 0.351, 0.213, 0.246, 0.251, 0.129, 0.305, 0.498, 0.226, 0.305, 0.133]
58|[0.884, 0.289, 0.023, 0.258, 3.272, 0.079, 0.015, 0.015, 0.029, 0.025, 0.037, 0.033, 0.012, 0.022, 0.013, 0.026, 0.039, 0.021, 0.08, 0.037, 0.012, 0.052, 0.039, 0.039, 0.022, 0.014, 0.021, 0.04, 0.027, 0.067, 0.012, 0.07, 0.046, 0.05, 0.026, 0.024, 0.036, 0.022, 0.073, 0.079, 0.024, 0.013, 0.056, 0.028, 0.033, 0.012, 0.063, 0.02, 0.06, 0.036, 0.021, 0.021, 0.04, 0.014, 0.087, 0.056, 0.022, 0.012, 0.053, 0.096, 0.121, 0.032, 0.022, 0.021, 0.022, 0.02, 0.035, 0.007, 0.105, 0.025, 0.04, 0.084, 0.022, 0.017, 0.032, 0.027, 0.011, 0.019, 0.072, 0.02, 0.048, 0.044, 0.051, 0.057, 0.031, 0.021, 0.023, 0.072, 0.02, 0.054, 0.019, 0.038, 0.024, 0.012, 0.015, 0.063, 0.041, 0.046, 0.045, 0.041, 0.017, 0.081, 0.015, 0.051, 0.024]
59|[1.353, 0.125, 0.114, 0.093, 1.821, 0.105, 0.042, 0.031, 0.063, 0.05, 0.05, 0.025, 0.025, 0.022, 0.022, 0.024, 0.063, 0.033, 0.069, 0.052, 0.03, 0.058, 0.065, 0.052, 0.057, 0.03, 0.022, 0.054, 0.012, 0.106, 0.014, 0.043, 0.048, 0.041, 0.033, 0.072, 0.021, 0.046, 0.046, 0.109, 0.039, 0.033, 0.025, 0.024, 0.083, 0.029, 0.061, 0.038, 0.064, 0.051, 0.02, 0.024, 0.075, 0.026, 0.074, 0.04, 0.029, 0.047, 0.037, 0.061, 0.085, 0.042, 0.042, 0.043, 0.029, 0.023, 0.03, 0.057, 0.087, 0.099, 0.019, 0.085, 0.018, 0.061, 0.021, 0.026, 0.045, 0.018, 0.041, 0.044, 0.074, 0.082, 0.057, 0.022, 0.03, 0.059, 0.042, 0.104, 0.025, 0.036, 0.034, 0.027, 0.035, 0.019, 0.015, 0.03, 0.056, 0.042, 0.023, 0.027, 0.044, 0.077, 0.048, 0.07, 0.045]
60|[1.163, 0.304, 0.152, 0.169, 1.197, 0.991, 0.473, 0.292, 0.369, 0.286, 0.406, 0.386, 0.212, 0.214, 0.21, 0.16, 0.282, 0.208, 0.516, 0.376, 0.324, 0.339, 0.717, 0.248, 0.731, 0.23, 0.179, 0.399, 0.16, 0.868, 0.178, 0.492, 0.422, 0.31, 0.29, 0.359, 0.339, 0.617, 0.612, 0.96, 0.216, 0.165, 0.401, 0.333, 0.297, 0.202, 0.546, 0.205, 0.431, 0.419, 0.19, 0.179, 0.305, 0.147, 0.467, 0.42, 0.173, 0.244, 0.644, 0.671, 0.701, 0.297, 0.273, 0.323, 0.296, 0.205, 0.343, 0.442, 0.753, 0.492, 0.418, 0.348, 0.132, 0.539, 0.333, 0.189, 0.277, 0.117, 0.547, 0.304, 0.362, 0.523, 0.474, 0.338, 0.326, 0.494, 0.425, 0.739, 0.147, 0.267, 0.249, 0.262, 0.171, 0.197, 0.176, 0.475, 0.393, 0.39, 0.378, 0.248, 0.365, 0.838, 0.338, 0.357, 0.23]
61|[1.324, 0.585, 0.071, 0.057, 0.469, 1.145, 0.529, 0.508, 0.862, 0.746, 0.725, 0.303, 0.432, 0.295, 0.671, 0.322, 0.599, 0.455, 0.622, 0.652, 0.584, 0.884, 0.944, 0.523, 0.79, 0.55, 0.42, 0.683, 0.389, 1.108, 0.286, 0.514, 0.786, 0.611, 0.417, 0.555, 0.697, 1.237, 1.085, 2.1, 0.648, 0.423, 0.674, 0.595, 1.173, 0.429, 1.111, 0.332, 0.538, 0.643, 0.348, 0.431, 0.825, 0.344, 0.794, 0.773, 0.58, 0.53, 0.936, 1.103, 1.676, 0.485, 0.55, 0.505, 0.42, 0.341, 0.847, 0.736, 1.37, 1.045, 0.752, 1.312, 0.356, 1.666, 0.504, 0.599, 0.461, 0.327, 1.048, 0.607, 0.65, 0.87, 0.699, 0.453, 0.547, 0.629, 0.658, 1.984, 0.312, 0.999, 0.441, 0.492, 0.405, 0.385, 0.4, 0.813, 0.528, 0.646, 0.608, 0.339, 0.854, 1.403, 0.619, 0.844, 0.414]
62|[1.256, 1.772, 0.255, 0.029, 0.34, 1.441, 0.783, 0.537, 1.052, 0.919, 1.085, 0.511, 0.466, 0.437, 0.973, 0.368, 0.694, 0.687, 0.908, 1.099, 0.691, 1.531, 0.844, 0.616, 1.157, 0.731, 0.622, 0.921, 0.698, 1.415, 0.409, 0.833, 1.492, 0.922, 0.615, 0.69, 1.033, 1.417, 1.685, 1.807, 0.815, 0.689, 0.928, 0.624, 1.496, 0.536, 1.856, 0.464, 0.724, 1.402, 0.624, 0.537, 1.095, 0.578, 1.265, 1.031, 0.973, 0.671, 0.752, 1.341, 2.304, 0.673, 0.749, 0.579, 0.566, 0.363, 0.963, 0.895, 1.45, 1.293, 1.152, 1.491, 0.486, 2.252, 0.754, 0.806, 0.461, 0.49, 1.447, 0.653, 1.23, 1.277, 0.842, 0.601, 0.531, 0.708, 1.057, 1.976, 0.449, 1.357, 0.643, 0.66, 0.566, 0.612, 0.606, 1.156, 0.91, 0.649, 0.966, 0.525, 1.098, 2.031, 0.835, 1.137, 0.775]
63|[1.559, 0.224, 0.042, 0.052, 0.56, 1.173, 0.572, 0.407, 0.695, 0.385, 0.833, 0.404, 0.392, 0.33, 0.456, 0.302, 0.435, 0.371, 0.812, 0.482, 0.415, 0.71, 0.837, 0.462, 0.627, 0.559, 0.344, 0.551, 0.36, 0.965, 0.244, 0.815, 0.738, 0.552, 0.402, 0.6, 0.608, 0.897, 0.726, 0.902, 0.55, 0.395, 0.552, 0.408, 1.211, 0.304, 1.032, 0.33, 0.53, 0.632, 0.288, 0.294, 0.685, 0.357, 1.424, 0.373, 0.411, 0.487, 0.8, 0.877, 1.222, 0.467, 0.457, 0.52, 0.486, 0.222, 0.632, 0.492, 1.603, 0.806, 0.858, 1.075, 0.31, 0.938, 0.322, 0.482, 0.427, 0.276, 0.779, 0.609, 0.691, 0.673, 0.502, 0.367, 0.451, 0.695, 0.682, 1.191, 0.274, 0.761, 0.343, 0.434, 0.416, 0.297, 0.313, 0.709, 0.558, 0.536, 0.541, 0.325, 0.601, 1.189, 0.545, 0.677, 0.487]
64|[2.669, 0.12, 0.197, 1.181, 3.043, 0.054, 0.016, 0.03, 0.035, 0.059, 0.018, 0.013, 0.022, 0.007, 0.015, 0.014, 0.009, 0.025, 0.016, 0.018, 0.008, 0.011, 0.034, 0.011, 0.019, 0.02, 0.016, 0.016, 0.032, 0.026, 0.008, 0.038, 0.06, 0.013, 0.03, 0.042, 0.03, 0.033, 0.056, 0.047, 0.013, 0.003, 0.009, 0.035, 0.054, 0.014, 0.039, 0.026, 0.08, 0.042, 0.013, 0.018, 0.043, 0.003, 0.026, 0.111, 0.009, 0.02, 0.023, 0.057, 0.0, 0.007, 0.016, 0.01, 0.03, 0.012, 0.031, 0.044, 0.102, 0.047, 0.037, 0.015, 0.016, 0.028, 0.012, 0.014, 0.017, 0.006, 0.126, 0.008, 0.073, 0.05, 0.028, 0.034, 0.017, 0.04, 0.03, 0.041, 0.016, 0.031, 0.02, 0.004, 0.008, 0.011, 0.016, 0.02, 0.014, 0.026, 0.011, 0.032, 0.012, 0.011, 0.014, 0.016, 0.024]
65|[0.967, 0.399, 0.277, 0.074, 0.577, 0.681, 0.247, 0.228, 0.486, 0.305, 0.65, 0.275, 0.242, 0.229, 0.178, 0.146, 0.24, 0.208, 0.372, 0.359, 0.281, 0.135, 0.861, 0.142, 0.305, 0.169, 0.167, 0.155, 0.224, 0.62, 0.128, 0.585, 0.658, 0.491, 0.285, 0.265, 0.152, 0.441, 0.314, 1.299, 0.327, 0.203, 0.55, 0.128, 0.368, 0.118, 0.621, 0.139, 0.623, 0.219, 0.251, 0.23, 0.399, 0.152, 0.426, 0.445, 0.133, 0.184, 0.373, 0.356, 0.207, 0.334, 0.282, 0.275, 0.305, 0.128, 0.443, 0.281, 0.586, 0.441, 0.263, 1.155, 0.127, 0.21, 0.216, 0.244, 0.163, 0.118, 0.378, 0.319, 0.297, 0.506, 0.349, 0.365, 0.204, 0.483, 0.268, 0.431, 0.106, 0.27, 0.284, 0.263, 0.191, 0.15, 0.243, 0.28, 0.49, 0.207, 0.22, 0.231, 0.279, 0.743, 0.305, 0.466, 0.141]
66|[1.044, 1.344, 0.717, 0.228, 0.598, 0.243, 0.118, 0.093, 0.165, 0.106, 0.081, 0.054, 0.073, 0.039, 0.103, 0.043, 0.073, 0.073, 0.161, 0.17, 0.124, 0.175, 0.188, 0.078, 0.167, 0.067, 0.07, 0.116, 0.064, 0.241, 0.044, 0.183, 0.111, 0.113, 0.098, 0.095, 0.093, 0.117, 0.23, 0.258, 0.073, 0.036, 0.14, 0.093, 0.158, 0.062, 0.191, 0.056, 0.134, 0.134, 0.092, 0.058, 0.084, 0.043, 0.247, 0.08, 0.072, 0.112, 0.148, 0.161, 0.144, 0.051, 0.073, 0.065, 0.096, 0.025, 0.118, 0.13, 0.183, 0.128, 0.116, 0.191, 0.062, 0.162, 0.099, 0.106, 0.077, 0.061, 0.243, 0.075, 0.066, 0.15, 0.122, 0.086, 0.095, 0.137, 0.121, 0.325, 0.054, 0.157, 0.09, 0.072, 0.092, 0.077, 0.057, 0.154, 0.085, 0.104, 0.111, 0.04, 0.086, 0.303, 0.098, 0.16, 0.076]
67|[1.284, 0.619, 0.055, 0.006, 0.678, 1.989, 0.85, 0.748, 1.372, 1.116, 1.119, 0.672, 0.592, 0.433, 1.092, 0.582, 0.984, 0.652, 1.03, 1.223, 0.717, 1.361, 1.762, 0.926, 1.266, 0.776, 0.692, 1.002, 0.676, 2.057, 0.354, 1.209, 1.22, 1.209, 0.626, 0.979, 0.889, 2.014, 1.689, 2.448, 0.845, 0.683, 1.37, 0.579, 1.436, 0.707, 1.784, 0.68, 0.859, 1.431, 0.629, 0.695, 1.2, 0.504, 1.847, 1.322, 0.793, 0.768, 1.066, 1.387, 1.526, 0.925, 0.803, 0.75, 0.85, 0.411, 1.108, 0.851, 2.245, 1.369, 1.087, 2.637, 0.507, 1.828, 0.888, 1.247, 0.686, 0.57, 1.566, 1.088, 1.237, 1.156, 1.048, 0.884, 0.79, 1.161, 1.023, 2.272, 0.415, 1.49, 0.614, 0.838, 0.66, 0.697, 0.704, 1.093, 0.796, 1.352, 0.977, 0.496, 1.578, 1.987, 0.932, 1.412, 0.687]
68|[0.527, 0.372, 4.66, 1.255, 1.384, 0.029, 0.0, 0.022, 0.04, 0.003, 0.03, 0.004, 0.033, 0.008, 0.005, 0.012, 0.023, 0.033, 0.098, 0.02, 0.014, 0.011, 0.0, 0.0, 0.013, 0.012, 0.002, 0.078, 0.002, 0.059, 0.013, 0.038, 0.0, 0.03, 0.029, 0.009, 0.005, 0.035, 0.056, 0.076, 0.0, 0.003, 0.02, 0.012, 0.005, 0.009, 0.033, 0.014, 0.049, 0.02, 0.014, 0.002, 0.031, 0.008, 0.0, 0.0, 0.024, 0.018, 0.04, 0.056, 0.082, 0.013, 0.027, 0.01, 0.045, 0.011, 0.011, 0.005, 0.0, 0.02, 0.04, 0.0, 0.008, 0.042, 0.0, 0.0, 0.002, 0.012, 0.042, 0.004, 0.031, 0.039, 0.068, 0.0, 0.014, 0.005, 0.018, 0.067, 0.0, 0.006, 0.019, 0.014, 0.005, 0.012, 0.013, 0.023, 0.009, 0.021, 0.033, 0.0, 0.003, 0.008, 0.015, 0.027, 0.0]
69|[1.075, 1.339, 0.114, 0.381, 0.583, 0.098, 0.056, 0.047, 0.09, 0.078, 0.063, 0.028, 0.033, 0.035, 0.059, 0.025, 0.042, 0.039, 0.057, 0.055, 0.039, 0.076, 0.1, 0.041, 0.084, 0.049, 0.036, 0.048, 0.035, 0.092, 0.02, 0.058, 0.088, 0.062, 0.038, 0.052, 0.061, 0.125, 0.088, 0.134, 0.059, 0.035, 0.055, 0.034, 0.082, 0.038, 0.109, 0.025, 0.114, 0.09, 0.024, 0.04, 0.067, 0.032, 0.097, 0.029, 0.055, 0.028, 0.091, 0.076, 0.127, 0.042, 0.042, 0.037, 0.032, 0.025, 0.098, 0.048, 0.097, 0.088, 0.055, 0.106, 0.03, 0.109, 0.055, 0.052, 0.035, 0.046, 0.166, 0.052, 0.103, 0.089, 0.075, 0.037, 0.049, 0.065, 0.072, 0.104, 0.032, 0.088, 0.051, 0.029, 0.039, 0.041, 0.05, 0.103, 0.068, 0.067, 0.06, 0.036, 0.069, 0.112, 0.048, 0.039, 0.05]
70|[1.135, 0.127, 0.105, 0.085, 1.162, 0.343, 0.168, 0.134, 0.215, 0.112, 0.194, 0.104, 0.115, 0.093, 0.205, 0.081, 0.173, 0.138, 0.181, 0.168, 0.121, 0.223, 0.181, 0.134, 0.236, 0.167, 0.088, 0.202, 0.13, 0.314, 0.065, 0.238, 0.326, 0.142, 0.138, 0.163, 0.226, 0.257, 0.281, 0.279, 0.141, 0.111, 0.163, 0.116, 0.266, 0.102, 0.194, 0.101, 0.2, 0.183, 0.095, 0.074, 0.189, 0.091, 0.264, 0.137, 0.104, 0.13, 0.281, 0.286, 0.227, 0.112, 0.102, 0.125, 0.125, 0.117, 0.191, 0.176, 0.127, 0.238, 0.153, 0.451, 0.095, 0.25, 0.128, 0.16, 0.11, 0.101, 0.218, 0.14, 0.234, 0.241, 0.152, 0.145, 0.129, 0.243, 0.154, 0.408, 0.072, 0.187, 0.117, 0.161, 0.101, 0.095, 0.121, 0.202, 0.239, 0.138, 0.172, 0.105, 0.216, 0.372, 0.141, 0.234, 0.067]
71|[0.825, 0.029, 0.012, 0.021, 0.998, 0.048, 0.026, 0.019, 0.063, 0.018, 0.054, 0.022, 0.023, 0.013, 0.026, 0.012, 0.021, 0.024, 0.032, 0.026, 0.025, 0.049, 0.044, 0.019, 0.031, 0.023, 0.018, 0.031, 0.019, 0.043, 0.011, 0.034, 0.029, 0.026, 0.022, 0.026, 0.025, 0.045, 0.057, 0.057, 0.028, 0.016, 0.03, 0.016, 0.051, 0.019, 0.068, 0.018, 0.034, 0.04, 0.017, 0.021, 0.046, 0.018, 0.045, 0.036, 0.02, 0.014, 0.047, 0.058, 0.034, 0.024, 0.035, 0.024, 0.026, 0.019, 0.032, 0.034, 0.045, 0.031, 0.04, 0.063, 0.01, 0.038, 0.017, 0.021, 0.014, 0.016, 0.038, 0.035, 0.031, 0.068, 0.03, 0.016, 0.024, 0.035, 0.032, 0.088, 0.014, 0.055, 0.025, 0.016, 0.019, 0.015, 0.019, 0.034, 0.032, 0.031, 0.021, 0.017, 0.025, 0.076, 0.039, 0.023, 0.025]
72|[1.322, 2.212, 0.121, 0.196, 0.381, 0.296, 0.09, 0.104, 0.22, 0.155, 0.127, 0.073, 0.097, 0.09, 0.158, 0.055, 0.112, 0.092, 0.183, 0.182, 0.129, 0.201, 0.152, 0.072, 0.167, 0.093, 0.088, 0.073, 0.054, 0.155, 0.059, 0.141, 0.21, 0.117, 0.071, 0.134, 0.132, 0.306, 0.343, 0.24, 0.091, 0.084, 0.116, 0.084, 0.17, 0.076, 0.292, 0.072, 0.169, 0.181, 0.079, 0.081, 0.157, 0.084, 0.162, 0.127, 0.118, 0.078, 0.134, 0.24, 0.202, 0.106, 0.159, 0.06, 0.107, 0.067, 0.184, 0.131, 0.106, 0.19, 0.14, 0.207, 0.107, 0.227, 0.107, 0.128, 0.082, 0.094, 0.341, 0.132, 0.194, 0.239, 0.102, 0.065, 0.084, 0.15, 0.168, 0.311, 0.076, 0.224, 0.105, 0.073, 0.108, 0.103, 0.087, 0.223, 0.115, 0.089, 0.172, 0.068, 0.132, 0.421, 0.084, 0.107, 0.119]
73|[0.772, 0.852, 0.0, 1.79, 1.232, 0.032, 0.009, 0.014, 0.016, 0.013, 0.011, 0.012, 0.006, 0.003, 0.014, 0.004, 0.015, 0.009, 0.013, 0.014, 0.012, 0.02, 0.023, 0.014, 0.015, 0.016, 0.004, 0.01, 0.009, 0.019, 0.005, 0.013, 0.007, 0.015, 0.009, 0.01, 0.007, 0.021, 0.027, 0.023, 0.011, 0.008, 0.01, 0.016, 0.008, 0.003, 0.028, 0.005, 0.052, 0.011, 0.006, 0.004, 0.016, 0.006, 0.015, 0.017, 0.006, 0.005, 0.01, 0.014, 0.011, 0.016, 0.008, 0.005, 0.004, 0.005, 0.008, 0.006, 0.022, 0.013, 0.02, 0.005, 0.001, 0.026, 0.012, 0.01, 0.008, 0.004, 0.084, 0.019, 0.014, 0.022, 0.023, 0.005, 0.011, 0.023, 0.01, 0.048, 0.006, 0.019, 0.008, 0.002, 0.011, 0.008, 0.007, 0.019, 0.017, 0.019, 0.012, 0.006, 0.022, 0.025, 0.013, 0.017, 0.008]
74|[2.189, 0.098, 0.251, 0.127, 4.903, 2.093, 0.897, 0.48, 0.846, 0.938, 0.279, 1.194, 0.756, 0.691, 1.148, 0.554, 0.709, 0.263, 1.333, 1.204, 0.522, 1.077, 0.805, 0.337, 1.264, 0.567, 0.399, 1.152, 0.281, 2.461, 0.62, 0.891, 1.368, 0.958, 0.306, 0.461, 1.15, 2.376, 1.891, 2.666, 0.702, 0.704, 0.877, 0.903, 1.106, 0.265, 0.742, 0.949, 1.351, 0.274, 0.137, 0.377, 1.558, 0.268, 1.08, 1.371, 0.336, 1.09, 1.171, 1.505, 3.08, 0.436, 0.436, 0.707, 0.874, 0.281, 0.546, 0.78, 3.512, 1.012, 1.173, 2.346, 0.508, 1.32, 0.803, 1.286, 0.548, 0.478, 1.802, 0.632, 1.499, 0.663, 0.801, 0.611, 0.707, 1.361, 0.692, 0.85, 0.25, 0.034, 0.382, 0.465, 0.491, 0.392, 0.476, 0.678, 0.844, 1.03, 0.626, 0.378, 0.51, 1.848, 1.11, 0.76, 0.423]
75|[1.474, 0.751, 0.123, 0.061, 0.484, 0.474, 0.418, 0.411, 0.637, 0.366, 0.403, 0.237, 0.294, 0.243, 0.467, 0.258, 0.452, 0.333, 0.536, 0.524, 0.326, 0.594, 0.8, 0.388, 0.577, 0.325, 0.316, 0.475, 0.3, 1.092, 0.182, 0.62, 0.622, 0.419, 0.338, 0.465, 0.598, 0.945, 1.037, 0.865, 0.412, 0.36, 0.552, 0.361, 0.667, 0.309, 0.621, 0.224, 0.427, 0.721, 0.32, 0.296, 0.478, 0.269, 0.607, 0.745, 0.443, 0.302, 0.538, 0.896, 1.091, 0.303, 0.336, 0.325, 0.357, 0.181, 0.587, 0.403, 1.206, 0.667, 0.621, 0.904, 0.294, 0.899, 0.42, 0.531, 0.375, 0.318, 0.868, 0.442, 0.653, 0.562, 0.503, 0.373, 0.404, 0.536, 0.532, 1.078, 0.217, 0.713, 0.373, 0.375, 0.26, 0.322, 0.313, 0.611, 0.421, 0.421, 0.469, 0.261, 0.529, 1.268, 0.313, 0.583, 0.282]
76|[0.876, 0.0, 41.063, 0.0, 11.037, 0.0, 0.0, 0.0, 0.0, 0.0, 0.0, 0.0, 0.0, 0.0, 0.0, 0.0, 0.013, 0.0, 0.0, 0.0, 0.0, 0.0, 0.034, 0.015, 0.0, 0.0, 0.0, 0.0, 0.0, 0.0, 0.0, 0.0, 0.0, 0.0, 0.01, 0.0, 0.0, 0.0, 0.0, 0.0, 0.012, 0.0, 0.0, 0.0, 0.0, 0.0, 0.0, 0.0, 0.0, 0.0, 0.0, 0.008, 0.0, 0.0, 0.0, 0.0, 0.0, 0.0, 0.0, 0.0, 0.0, 0.0, 0.0, 0.0, 0.0, 0.0, 0.012, 0.0, 0.0, 0.0, 0.0, 0.0, 0.0, 0.0, 0.01, 0.0, 0.0, 0.0, 0.022, 0.0, 0.0, 0.0, 0.017, 0.0, 0.0, 0.0, 0.0, 0.0, 0.0, 0.0, 0.0, 0.0, 0.0, 0.0, 0.0, 0.0, 0.0, 0.0, 0.0, 0.0, 0.0, 0.0, 0.013, 0.0, 0.0]
77|[7.457, 1.549, 0.0, 0.649, 0.5, 0.083, 0.066, 0.062, 0.054, 0.022, 0.029, 0.027, 0.029, 0.013, 0.043, 0.021, 0.052, 0.007, 0.037, 0.039, 0.033, 0.064, 0.02, 0.014, 0.038, 0.071, 0.036, 0.049, 0.033, 0.069, 0.022, 0.032, 0.024, 0.038, 0.031, 0.035, 0.039, 0.105, 0.049, 0.107, 0.078, 0.033, 0.019, 0.043, 0.086, 0.01, 0.077, 0.017, 0.074, 0.051, 0.027, 0.027, 0.027, 0.026, 0.049, 0.075, 0.034, 0.018, 0.075, 0.162, 0.092, 0.017, 0.071, 0.014, 0.032, 0.022, 0.038, 0.038, 0.093, 0.061, 0.079, 0.064, 0.007, 0.026, 0.041, 0.037, 0.032, 0.028, 0.14, 0.041, 0.072, 0.038, 0.068, 0.037, 0.023, 0.027, 0.047, 0.163, 0.031, 0.033, 0.042, 0.061, 0.01, 0.027, 0.037, 0.039, 0.028, 0.018, 0.032, 0.029, 0.005, 0.046, 0.017, 0.048, 0.037]
78|[4.005, 0.226, 0.018, 0.558, 1.079, 0.004, 0.031, 0.071, 0.062, 0.095, 0.049, 0.048, 0.043, 0.029, 0.039, 0.014, 0.032, 0.058, 0.07, 0.052, 0.023, 0.08, 0.039, 0.044, 0.105, 0.047, 0.028, 0.032, 0.057, 0.105, 0.017, 0.036, 0.052, 0.051, 0.02, 0.066, 0.08, 0.079, 0.107, 0.073, 0.039, 0.021, 0.056, 0.056, 0.06, 0.051, 0.05, 0.025, 0.078, 0.041, 0.04, 0.048, 0.042, 0.038, 0.119, 0.173, 0.039, 0.029, 0.072, 0.063, 0.066, 0.02, 0.028, 0.021, 0.058, 0.018, 0.096, 0.066, 0.185, 0.087, 0.044, 0.038, 0.021, 0.119, 0.038, 0.05, 0.023, 0.022, 0.142, 0.036, 0.166, 0.077, 0.034, 0.051, 0.039, 0.065, 0.058, 0.111, 0.042, 0.11, 0.053, 0.034, 0.028, 0.032, 0.012, 0.042, 0.012, 0.043, 0.033, 0.019, 0.059, 0.063, 0.039, 0.025, 0.042]
79|[1.167, 0.0, 0.0, 0.0, 1.707, 0.202, 0.434, 0.249, 0.562, 0.0, 0.393, 0.0, 0.089, 0.142, 0.607, 0.105, 0.208, 0.147, 0.308, 0.282, 0.282, 0.716, 0.266, 0.244, 0.165, 0.085, 0.074, 0.0, 0.198, 0.288, 0.202, 0.0, 0.761, 0.562, 0.0, 0.268, 0.248, 0.0, 0.257, 0.0, 0.192, 0.242, 0.337, 0.085, 1.116, 0.0, 0.359, 0.095, 0.328, 0.179, 0.077, 0.301, 0.0, 0.052, 0.0, 0.359, 0.098, 0.33, 0.735, 0.507, 0.27, 0.092, 0.102, 0.427, 0.11, 0.286, 0.284, 0.0, 0.348, 0.697, 0.152, 0.0, 0.336, 0.0, 0.245, 0.123, 0.652, 0.073, 0.35, 0.112, 0.215, 0.237, 0.137, 0.0, 0.293, 0.186, 0.193, 0.616, 0.0, 0.0, 0.127, 0.0, 0.24, 0.116, 0.0, 0.0, 0.49, 0.293, 0.0, 0.084, 0.154, 0.0, 0.311, 0.184, 0.188]
80|[1.084, 3.476, 0.165, 0.203, 0.321, 0.225, 0.098, 0.081, 0.267, 0.131, 0.145, 0.054, 0.085, 0.101, 0.178, 0.06, 0.115, 0.117, 0.231, 0.186, 0.089, 0.24, 0.142, 0.11, 0.233, 0.09, 0.116, 0.135, 0.093, 0.267, 0.101, 0.113, 0.211, 0.117, 0.062, 0.119, 0.168, 0.243, 0.318, 0.334, 0.113, 0.105, 0.185, 0.095, 0.261, 0.089, 0.369, 0.08, 0.191, 0.188, 0.079, 0.091, 0.154, 0.101, 0.303, 0.036, 0.179, 0.102, 0.115, 0.208, 0.353, 0.103, 0.124, 0.087, 0.07, 0.051, 0.19, 0.187, 0.223, 0.171, 0.151, 0.268, 0.099, 0.241, 0.101, 0.154, 0.067, 0.088, 0.263, 0.09, 0.076, 0.296, 0.133, 0.086, 0.081, 0.089, 0.157, 0.332, 0.065, 0.211, 0.134, 0.105, 0.089, 0.122, 0.088, 0.265, 0.102, 0.13, 0.103, 0.121, 0.195, 0.285, 0.104, 0.105, 0.138]
81|[0.917, 2.652, 1.317, 0.351, 0.496, 0.187, 0.07, 0.068, 0.18, 0.11, 0.079, 0.043, 0.038, 0.055, 0.116, 0.031, 0.059, 0.041, 0.095, 0.088, 0.081, 0.092, 0.113, 0.057, 0.147, 0.06, 0.108, 0.044, 0.042, 0.15, 0.045, 0.14, 0.121, 0.09, 0.072, 0.085, 0.061, 0.137, 0.295, 0.164, 0.061, 0.058, 0.088, 0.049, 0.14, 0.059, 0.105, 0.032, 0.15, 0.121, 0.072, 0.075, 0.109, 0.044, 0.192, 0.042, 0.035, 0.047, 0.094, 0.125, 0.137, 0.06, 0.083, 0.07, 0.094, 0.04, 0.139, 0.1, 0.069, 0.148, 0.134, 0.073, 0.04, 0.056, 0.062, 0.085, 0.052, 0.055, 0.15, 0.07, 0.057, 0.127, 0.126, 0.034, 0.068, 0.074, 0.118, 0.139, 0.042, 0.078, 0.081, 0.059, 0.062, 0.064, 0.039, 0.074, 0.088, 0.054, 0.05, 0.054, 0.054, 0.211, 0.061, 0.131, 0.073]
82|[0.905, 1.83, 2.555, 0.494, 0.665, 0.195, 0.046, 0.072, 0.091, 0.095, 0.067, 0.058, 0.041, 0.053, 0.051, 0.026, 0.087, 0.036, 0.142, 0.096, 0.06, 0.094, 0.13, 0.051, 0.126, 0.062, 0.034, 0.132, 0.037, 0.117, 0.036, 0.066, 0.103, 0.094, 0.038, 0.055, 0.081, 0.113, 0.102, 0.285, 0.078, 0.05, 0.067, 0.041, 0.076, 0.047, 0.11, 0.041, 0.166, 0.132, 0.052, 0.052, 0.053, 0.022, 0.042, 0.076, 0.065, 0.059, 0.12, 0.096, 0.092, 0.053, 0.046, 0.054, 0.096, 0.03, 0.084, 0.098, 0.263, 0.121, 0.085, 0.136, 0.029, 0.108, 0.059, 0.047, 0.044, 0.027, 0.239, 0.046, 0.088, 0.099, 0.118, 0.02, 0.051, 0.107, 0.035, 0.148, 0.039, 0.091, 0.066, 0.067, 0.041, 0.05, 0.029, 0.066, 0.102, 0.043, 0.044, 0.073, 0.087, 0.273, 0.029, 0.075, 0.07]
83|[1.803, 0.331, 0.02, 0.0, 1.169, 8.359, 4.22, 2.606, 5.184, 4.276, 4.785, 2.713, 3.758, 2.759, 2.696, 2.116, 2.928, 2.753, 6.154, 5.599, 2.913, 5.627, 7.099, 4.427, 4.665, 3.298, 1.996, 5.951, 3.943, 10.375, 1.896, 6.457, 9.511, 5.813, 1.861, 4.958, 4.861, 5.818, 6.491, 8.621, 4.242, 4.432, 5.837, 2.988, 7.091, 2.813, 7.982, 3.009, 6.033, 5.962, 2.535, 2.345, 4.432, 2.683, 8.287, 7.352, 3.398, 3.264, 4.923, 7.987, 9.303, 4.196, 4.41, 3.084, 3.064, 2.815, 3.783, 5.201, 9.138, 5.807, 5.894, 9.042, 2.604, 8.166, 3.527, 5.239, 4.324, 2.572, 5.314, 4.987, 5.904, 3.935, 4.577, 4.269, 3.816, 5.813, 5.571, 6.537, 2.945, 5.538, 2.671, 3.832, 2.108, 2.749, 2.861, 6.862, 3.092, 4.075, 4.104, 2.067, 4.865, 9.814, 3.209, 5.922, 3.468]
84|[1.23, 0.383, 0.206, 0.51, 1.562, 0.692, 0.195, 0.126, 0.241, 0.37, 0.215, 0.288, 0.096, 0.15, 0.1, 0.083, 0.19, 0.153, 0.36, 0.287, 0.199, 0.294, 0.116, 0.241, 0.389, 0.099, 0.082, 0.237, 0.059, 0.71, 0.189, 0.38, 0.21, 0.207, 0.081, 0.274, 0.143, 0.61, 0.336, 0.487, 0.163, 0.149, 0.174, 0.21, 0.229, 0.116, 0.396, 0.109, 0.324, 0.19, 0.087, 0.055, 0.308, 0.124, 0.211, 0.302, 0.084, 0.197, 0.259, 0.343, 0.449, 0.127, 0.103, 0.206, 0.131, 0.081, 0.14, 0.146, 0.572, 0.113, 0.11, 0.532, 0.068, 0.363, 0.184, 0.088, 0.186, 0.087, 0.558, 0.166, 0.272, 0.298, 0.201, 0.261, 0.271, 0.376, 0.227, 0.665, 0.056, 0.127, 0.096, 0.075, 0.081, 0.079, 0.082, 0.25, 0.352, 0.133, 0.293, 0.084, 0.206, 0.648, 0.165, 0.15, 0.112]
85|[1.262, 0.314, 0.039, 0.087, 0.549, 0.292, 0.146, 0.124, 0.194, 0.155, 0.136, 0.158, 0.113, 0.116, 0.183, 0.088, 0.177, 0.142, 0.211, 0.226, 0.14, 0.26, 0.464, 0.076, 0.235, 0.124, 0.134, 0.284, 0.149, 0.241, 0.041, 0.108, 0.348, 0.156, 0.114, 0.239, 0.207, 0.439, 0.253, 0.212, 0.18, 0.138, 0.293, 0.145, 0.173, 0.122, 0.356, 0.103, 0.198, 0.254, 0.116, 0.111, 0.18, 0.143, 0.158, 0.295, 0.171, 0.163, 0.289, 0.391, 0.525, 0.147, 0.214, 0.151, 0.124, 0.065, 0.237, 0.237, 0.229, 0.327, 0.247, 0.917, 0.146, 0.4, 0.23, 0.143, 0.092, 0.095, 0.224, 0.168, 0.326, 0.321, 0.194, 0.113, 0.157, 0.323, 0.243, 0.384, 0.142, 0.198, 0.155, 0.155, 0.139, 0.118, 0.15, 0.207, 0.138, 0.146, 0.154, 0.11, 0.219, 0.437, 0.14, 0.205, 0.152]
86|[1.587, 0.437, 0.037, 0.0, 0.753, 4.236, 1.719, 1.504, 2.747, 2.531, 2.712, 1.769, 1.533, 1.205, 2.519, 1.196, 1.863, 1.452, 1.718, 2.767, 1.891, 2.551, 3.697, 2.089, 2.965, 1.746, 1.335, 2.579, 1.402, 4.378, 1.182, 2.455, 2.931, 2.466, 1.569, 2.494, 2.106, 4.091, 3.919, 5.112, 2.111, 1.595, 2.182, 1.781, 4.471, 1.685, 4.026, 1.271, 1.872, 2.914, 1.115, 1.484, 2.139, 1.045, 2.715, 2.375, 1.939, 1.87, 2.716, 4.847, 5.255, 1.859, 1.657, 1.63, 1.454, 0.926, 2.345, 2.113, 4.705, 3.003, 2.542, 4.82, 1.223, 4.08, 1.935, 2.61, 1.279, 1.577, 3.091, 2.161, 3.409, 2.246, 2.371, 2.082, 2.134, 2.607, 2.46, 4.474, 1.17, 3.249, 1.405, 1.716, 1.705, 1.379, 1.39, 2.609, 2.307, 2.581, 1.892, 1.044, 2.463, 3.962, 1.84, 3.551, 1.493]
87|[1.581, 2.74, 0.062, 0.123, 0.306, 0.181, 0.121, 0.206, 0.345, 0.292, 0.347, 0.148, 0.1, 0.09, 0.379, 0.103, 0.255, 0.229, 0.292, 0.288, 0.238, 0.598, 0.184, 0.215, 0.437, 0.293, 0.198, 0.066, 0.21, 0.629, 0.112, 0.559, 0.269, 0.157, 0.291, 0.322, 0.345, 0.951, 1.381, 0.0, 0.325, 0.285, 0.192, 0.189, 0.45, 0.183, 0.669, 0.221, 0.463, 0.664, 0.306, 0.236, 0.269, 0.205, 0.3, 0.081, 0.194, 0.138, 0.199, 0.197, 0.996, 0.374, 0.209, 0.195, 0.188, 0.195, 0.433, 0.256, 0.341, 0.436, 0.641, 0.444, 0.168, 0.46, 0.257, 0.311, 0.089, 0.113, 0.519, 0.289, 0.277, 0.365, 0.247, 0.181, 0.181, 0.077, 0.297, 0.447, 0.127, 0.357, 0.198, 0.331, 0.227, 0.267, 0.195, 0.621, 0.188, 0.234, 0.262, 0.21, 0.273, 0.565, 0.259, 0.297, 0.173]
88|[1.223, 0.215, 0.065, 0.056, 0.661, 0.467, 0.368, 0.296, 0.477, 0.283, 0.421, 0.218, 0.32, 0.235, 0.333, 0.228, 0.339, 0.235, 0.356, 0.289, 0.306, 0.56, 0.294, 0.273, 0.45, 0.227, 0.306, 0.387, 0.274, 0.514, 0.139, 0.444, 0.352, 0.553, 0.21, 0.421, 0.501, 0.512, 1.157, 1.264, 0.343, 0.279, 0.339, 0.278, 0.641, 0.244, 0.799, 0.302, 0.534, 0.549, 0.224, 0.232, 0.496, 0.174, 0.524, 0.548, 0.391, 0.305, 0.634, 1.003, 0.47, 0.272, 0.287, 0.397, 0.28, 0.212, 0.463, 0.282, 0.528, 0.517, 0.544, 1.088, 0.194, 0.963, 0.234, 0.348, 0.299, 0.185, 0.604, 0.353, 0.635, 0.557, 0.381, 0.229, 0.229, 0.482, 0.484, 0.66, 0.151, 0.658, 0.227, 0.266, 0.227, 0.223, 0.197, 0.425, 0.373, 0.326, 0.404, 0.145, 0.378, 0.792, 0.4, 0.684, 0.34]
89|[0.914, 0.26, 0.675, 0.443, 1.034, 0.645, 0.096, 0.079, 0.19, 0.254, 0.244, 0.208, 0.114, 0.063, 0.12, 0.051, 0.163, 0.05, 0.164, 0.214, 0.186, 0.195, 0.099, 0.145, 0.314, 0.089, 0.068, 0.084, 0.063, 0.494, 0.133, 0.202, 0.095, 0.151, 0.102, 0.085, 0.121, 0.371, 0.205, 0.39, 0.106, 0.115, 0.115, 0.138, 0.138, 0.142, 0.21, 0.027, 0.312, 0.145, 0.063, 0.069, 0.144, 0.119, 0.151, 0.154, 0.055, 0.171, 0.271, 0.379, 0.532, 0.117, 0.115, 0.127, 0.113, 0.059, 0.141, 0.196, 0.502, 0.206, 0.141, 0.337, 0.038, 0.2, 0.146, 0.118, 0.134, 0.067, 0.528, 0.131, 0.094, 0.269, 0.179, 0.103, 0.175, 0.353, 0.197, 0.362, 0.043, 0.109, 0.111, 0.065, 0.069, 0.054, 0.061, 0.111, 0.31, 0.08, 0.221, 0.057, 0.153, 0.531, 0.179, 0.067, 0.123]
90|[1.176, 1.038, 0.102, 0.201, 0.414, 0.257, 0.148, 0.13, 0.16, 0.202, 0.186, 0.092, 0.089, 0.071, 0.174, 0.078, 0.124, 0.142, 0.153, 0.13, 0.121, 0.221, 0.137, 0.122, 0.185, 0.144, 0.105, 0.129, 0.095, 0.281, 0.069, 0.171, 0.205, 0.145, 0.112, 0.125, 0.169, 0.242, 0.353, 0.297, 0.12, 0.113, 0.217, 0.131, 0.172, 0.085, 0.292, 0.056, 0.218, 0.207, 0.092, 0.102, 0.252, 0.108, 0.202, 0.085, 0.118, 0.132, 0.147, 0.212, 0.343, 0.139, 0.147, 0.096, 0.137, 0.065, 0.24, 0.1, 0.352, 0.239, 0.241, 0.266, 0.097, 0.284, 0.145, 0.154, 0.097, 0.069, 0.36, 0.135, 0.214, 0.257, 0.145, 0.084, 0.113, 0.172, 0.174, 0.245, 0.082, 0.223, 0.123, 0.122, 0.073, 0.123, 0.111, 0.23, 0.127, 0.127, 0.138, 0.071, 0.244, 0.378, 0.142, 0.209, 0.129]
91|[1.111, 1.103, 0.031, 0.0, 0.458, 2.824, 1.186, 0.972, 1.62, 1.717, 2.111, 0.713, 0.972, 0.834, 1.094, 0.797, 1.192, 0.914, 2.14, 1.759, 1.021, 2.41, 2.464, 1.042, 1.867, 1.175, 1.016, 1.53, 1.174, 2.123, 0.695, 1.995, 2.307, 1.362, 1.252, 0.861, 1.49, 2.84, 1.852, 1.961, 1.001, 1.481, 1.564, 1.099, 2.61, 1.072, 2.604, 0.822, 1.374, 2.148, 0.796, 0.923, 2.024, 0.981, 3.115, 2.906, 1.108, 1.102, 1.584, 2.103, 2.882, 1.48, 1.572, 1.354, 0.821, 0.762, 1.706, 1.787, 3.647, 2.09, 1.48, 4.112, 0.985, 3.34, 1.201, 1.37, 1.254, 0.591, 2.113, 1.702, 1.406, 1.805, 1.551, 1.325, 1.101, 2.219, 2.11, 3.206, 0.659, 2.158, 0.962, 1.27, 1.268, 0.861, 1.014, 1.885, 1.754, 1.212, 1.205, 0.561, 2.436, 3.824, 1.084, 2.512, 1.263]
92|[0.798, 4.046, 0.106, 0.803, 0.607, 0.052, 0.034, 0.028, 0.064, 0.04, 0.027, 0.018, 0.021, 0.023, 0.045, 0.033, 0.036, 0.034, 0.045, 0.048, 0.043, 0.093, 0.038, 0.028, 0.044, 0.024, 0.021, 0.026, 0.022, 0.05, 0.029, 0.014, 0.015, 0.033, 0.03, 0.024, 0.019, 0.077, 0.079, 0.076, 0.019, 0.008, 0.056, 0.02, 0.027, 0.003, 0.011, 0.018, 0.109, 0.05, 0.029, 0.022, 0.028, 0.02, 0.082, 0.0, 0.044, 0.036, 0.037, 0.031, 0.019, 0.021, 0.031, 0.01, 0.022, 0.02, 0.056, 0.035, 0.031, 0.061, 0.041, 0.025, 0.013, 0.03, 0.038, 0.014, 0.024, 0.039, 0.136, 0.023, 0.02, 0.07, 0.034, 0.018, 0.025, 0.032, 0.059, 0.121, 0.016, 0.042, 0.024, 0.006, 0.018, 0.026, 0.017, 0.015, 0.015, 0.033, 0.025, 0.017, 0.091, 0.059, 0.026, 0.06, 0.05]
93|[0.746, 0.0, 0.0, 2.275, 1.487, 0.006, 0.004, 0.004, 0.014, 0.003, 0.002, 0.006, 0.002, 0.003, 0.005, 0.004, 0.007, 0.005, 0.003, 0.006, 0.003, 0.007, 0.006, 0.0, 0.005, 0.008, 0.005, 0.013, 0.003, 0.01, 0.003, 0.009, 0.013, 0.017, 0.003, 0.009, 0.008, 0.019, 0.017, 0.03, 0.003, 0.003, 0.007, 0.008, 0.009, 0.002, 0.011, 0.001, 0.037, 0.012, 0.005, 0.004, 0.013, 0.006, 0.012, 0.002, 0.005, 0.005, 0.006, 0.01, 0.006, 0.007, 0.012, 0.003, 0.003, 0.005, 0.007, 0.003, 0.003, 0.011, 0.005, 0.009, 0.003, 0.012, 0.003, 0.005, 0.003, 0.001, 0.051, 0.013, 0.008, 0.012, 0.003, 0.003, 0.004, 0.01, 0.005, 0.014, 0.003, 0.014, 0.006, 0.001, 0.003, 0.004, 0.001, 0.003, 0.008, 0.005, 0.005, 0.004, 0.014, 0.013, 0.005, 0.011, 0.008]
94|[1.561, 0.186, 0.034, 0.166, 0.826, 0.089, 0.04, 0.034, 0.056, 0.035, 0.056, 0.028, 0.024, 0.03, 0.029, 0.023, 0.054, 0.039, 0.059, 0.041, 0.025, 0.07, 0.054, 0.027, 0.052, 0.042, 0.02, 0.036, 0.035, 0.08, 0.02, 0.049, 0.045, 0.022, 0.033, 0.045, 0.041, 0.075, 0.047, 0.042, 0.04, 0.036, 0.048, 0.03, 0.064, 0.02, 0.076, 0.03, 0.057, 0.05, 0.032, 0.023, 0.04, 0.023, 0.075, 0.054, 0.031, 0.027, 0.049, 0.096, 0.093, 0.029, 0.016, 0.038, 0.042, 0.024, 0.045, 0.052, 0.072, 0.086, 0.047, 0.114, 0.029, 0.044, 0.028, 0.033, 0.031, 0.023, 0.067, 0.032, 0.048, 0.072, 0.043, 0.037, 0.037, 0.061, 0.059, 0.079, 0.027, 0.056, 0.029, 0.032, 0.025, 0.022, 0.033, 0.051, 0.04, 0.039, 0.035, 0.024, 0.056, 0.079, 0.035, 0.048, 0.032]
95|[1.138, 1.049, 0.118, 0.114, 0.389, 0.591, 0.27, 0.262, 0.29, 0.328, 0.351, 0.191, 0.198, 0.17, 0.254, 0.138, 0.222, 0.17, 0.366, 0.325, 0.275, 0.473, 0.322, 0.271, 0.311, 0.217, 0.171, 0.329, 0.235, 0.323, 0.125, 0.251, 0.331, 0.304, 0.143, 0.266, 0.337, 0.481, 0.382, 0.578, 0.301, 0.185, 0.409, 0.27, 0.383, 0.156, 0.643, 0.218, 0.28, 0.332, 0.203, 0.219, 0.35, 0.172, 0.541, 0.167, 0.274, 0.201, 0.26, 0.763, 0.432, 0.166, 0.238, 0.18, 0.184, 0.126, 0.354, 0.196, 1.294, 0.486, 0.252, 0.3, 0.155, 0.831, 0.179, 0.41, 0.173, 0.14, 0.625, 0.358, 0.277, 0.391, 0.364, 0.311, 0.226, 0.215, 0.323, 0.702, 0.087, 0.391, 0.241, 0.228, 0.197, 0.237, 0.218, 0.283, 0.233, 0.308, 0.279, 0.141, 0.357, 0.765, 0.227, 0.421, 0.215]
96|[0.98, 0.223, 0.054, 1.023, 0.575, 0.037, 0.019, 0.024, 0.029, 0.019, 0.023, 0.014, 0.016, 0.008, 0.026, 0.011, 0.025, 0.016, 0.027, 0.024, 0.018, 0.03, 0.031, 0.011, 0.03, 0.016, 0.011, 0.019, 0.016, 0.041, 0.009, 0.018, 0.03, 0.023, 0.014, 0.022, 0.021, 0.05, 0.048, 0.057, 0.017, 0.013, 0.025, 0.021, 0.047, 0.019, 0.044, 0.013, 0.064, 0.022, 0.006, 0.017, 0.035, 0.015, 0.033, 0.022, 0.017, 0.02, 0.02, 0.026, 0.057, 0.017, 0.018, 0.019, 0.02, 0.007, 0.023, 0.015, 0.041, 0.037, 0.026, 0.041, 0.012, 0.051, 0.015, 0.02, 0.017, 0.017, 0.102, 0.021, 0.027, 0.033, 0.021, 0.019, 0.022, 0.021, 0.023, 0.049, 0.009, 0.024, 0.019, 0.017, 0.019, 0.018, 0.014, 0.02, 0.028, 0.031, 0.029, 0.016, 0.042, 0.047, 0.028, 0.028, 0.016]
97|[1.328, 0.57, 0.095, 0.063, 0.443, 0.67, 0.349, 0.309, 0.588, 0.492, 0.41, 0.145, 0.231, 0.203, 0.303, 0.12, 0.372, 0.304, 0.429, 0.431, 0.316, 0.623, 0.263, 0.268, 0.482, 0.286, 0.299, 0.243, 0.302, 0.565, 0.133, 0.525, 0.424, 0.354, 0.298, 0.322, 0.342, 0.368, 0.594, 0.334, 0.267, 0.282, 0.547, 0.272, 0.401, 0.196, 0.781, 0.247, 0.358, 0.343, 0.256, 0.236, 0.4, 0.249, 0.626, 0.239, 0.334, 0.448, 0.388, 0.55, 1.539, 0.32, 0.345, 0.266, 0.306, 0.167, 0.417, 0.325, 0.304, 0.502, 0.448, 0.541, 0.223, 0.742, 0.362, 0.439, 0.211, 0.141, 0.562, 0.303, 0.476, 0.564, 0.411, 0.31, 0.324, 0.42, 0.386, 0.814, 0.122, 0.546, 0.299, 0.272, 0.264, 0.219, 0.253, 0.557, 0.384, 0.254, 0.386, 0.169, 0.453, 0.775, 0.288, 0.733, 0.235]
98|[1.459, 0.467, 0.111, 0.019, 0.576, 1.65, 0.557, 0.73, 1.127, 0.79, 0.719, 0.484, 0.651, 0.365, 0.873, 0.379, 0.724, 0.516, 0.779, 0.832, 0.621, 0.977, 1.125, 0.695, 0.996, 0.657, 0.586, 0.972, 0.623, 1.36, 0.376, 1.013, 0.909, 0.884, 0.561, 0.92, 0.924, 1.49, 1.111, 1.264, 0.679, 0.611, 0.859, 0.564, 1.353, 0.464, 1.493, 0.474, 0.735, 1.064, 0.379, 0.485, 0.834, 0.428, 1.407, 0.848, 0.744, 0.591, 0.959, 1.285, 1.609, 0.56, 0.644, 0.717, 0.582, 0.317, 0.783, 0.566, 2.853, 1.113, 0.657, 1.692, 0.446, 1.617, 0.615, 1.061, 0.545, 0.392, 1.27, 0.792, 1.122, 0.915, 0.74, 0.798, 0.648, 0.604, 0.807, 1.29, 0.274, 1.096, 0.608, 0.607, 0.545, 0.511, 0.522, 0.881, 0.879, 0.859, 0.777, 0.437, 0.991, 1.882, 0.615, 1.224, 0.677]
